{"skeleton":{"hash":"tiS1pSZTWacxPUHE7Aji4bat7Hs","spine":"3.5.46","width":603.37,"height":626.49,"images":"./images/"},"bones":[{"name":"root"},{"name":"BONE_BODY","parent":"root","length":64.21,"rotation":92.73,"x":-32.29,"y":-19.01},{"name":"BONE_BACK_ARM","parent":"BONE_BODY","length":112.14,"rotation":64.66,"x":151.38,"y":66.87},{"name":"BONE_FEET","parent":"BONE_BODY","length":42.81,"rotation":173.46,"x":-90.48,"y":-28},{"name":"BONE_FRONT_ARM","parent":"BONE_BODY","length":103.4,"rotation":-160.05,"x":146.22,"y":-116.97},{"name":"BONE_HEAD","parent":"BONE_BODY","length":62.13,"rotation":-4.6,"x":89.92,"y":4.89},{"name":"BONE_GLASSES","parent":"BONE_HEAD","length":45.57,"rotation":91.88,"x":130.74,"y":-139.04},{"name":"BONE_HAT","parent":"BONE_HEAD","length":39.21,"rotation":31.24,"x":231.88,"y":-51.66},{"name":"BONE_NOSE","parent":"BONE_HEAD","length":40.92,"rotation":176.17,"x":99.73,"y":33.83},{"name":"BONE_PAPERS","parent":"BONE_FRONT_ARM","length":77.73,"rotation":-109.53,"x":127.31,"y":-27.74}],"slots":[{"name":"feet","bone":"BONE_FEET","attachment":"feet"},{"name":"open_wing","bone":"BONE_BACK_ARM","attachment":"open_wing"},{"name":"body","bone":"BONE_BODY","attachment":"body"},{"name":"papers","bone":"BONE_PAPERS","attachment":"papers"},{"name":"front_arm","bone":"BONE_FRONT_ARM","attachment":"front_arm"},{"name":"hat","bone":"BONE_HAT","attachment":"hat"},{"name":"base_head","bone":"BONE_HEAD","attachment":"base_head"},{"name":"nose","bone":"BONE_NOSE","attachment":"nose"},{"name":"eyelids","bone":"BONE_HEAD","attachment":"eyelids"},{"name":"glasses","bone":"BONE_GLASSES","attachment":"glasses"}],"skins":{"default":{"base_head":{"base_head":{"x":135.69,"y":-37.26,"rotation":-88.12,"width":354,"height":254}},"body":{"body":{"x":20.74,"y":-48.33,"rotation":-92.73,"width":394,"height":396}},"eyelids":{"eyelids":{"x":132.14,"y":12.36,"rotation":-88.12,"width":169,"height":92}},"feet":{"feet":{"x":41.59,"y":6.8,"rotation":93.81,"width":403,"height":139}},"front_arm":{"front_arm":{"x":124.69,"y":-18.58,"rotation":67.32,"width":201,"height":270}},"glasses":{"glasses":{"x":105.41,"y":3.26,"rotation":180,"width":333,"height":114}},"hat":{"hat":{"x":34.78,"y":-11.29,"rotation":-119.36,"width":222,"height":141}},"nose":{"nose":{"x":13.28,"y":9.71,"rotation":95.71,"width":70,"height":139}},"open_wing":{"open_wing":{"type":"mesh","uvs":[0.99568,0.46562,0.91585,1,0.46529,0.97604,0.11004,0.8066,1.0E-5,0.46392,0.03884,0.00514,0.34446,0,0.58359,0.38167],"triangles":[4,6,7,6,4,5,3,4,7,2,3,7,1,2,7,0,1,7],"vertices":[-19.32,-66.7,-80.49,148.64,60.59,196.61,195.92,176.63,284.25,59,345.82,-122.1,253.54,-162.86,119.64,-46.64],"hull":8,"edges":[10,12,12,14,6,8,8,10,2,4,4,6,2,0,0,14],"width":330,"height":416}},"papers":{"papers":{"x":24.93,"y":6.87,"rotation":176.85,"width":259,"height":205}}}},"animations":{"excited":{"slots":{"eyelids":{"color":[{"time":0,"color":"ffffff00","curve":"stepped"},{"time":0.7,"color":"ffffff00"},{"time":0.8,"color":"ffffffff"},{"time":0.9,"color":"ffffff00","curve":"stepped"},{"time":1.6667,"color":"ffffff00"}]}},"bones":{"root":{"rotate":[{"time":0,"angle":0,"curve":"stepped"},{"time":1.6667,"angle":0}],"translate":[{"time":0,"x":0,"y":0,"curve":"stepped"},{"time":1.6667,"x":0,"y":0}],"scale":[{"time":0,"x":1,"y":1,"curve":"stepped"},{"time":1.6667,"x":1,"y":1}]},"BONE_BODY":{"rotate":[{"time":0,"angle":0,"curve":"stepped"},{"time":0.3333,"angle":0,"curve":"stepped"},{"time":0.6667,"angle":0,"curve":"stepped"},{"time":1.6667,"angle":0}],"translate":[{"time":0,"x":0,"y":0},{"time":0.1667,"x":-0.45,"y":9.53},{"time":0.3333,"x":0,"y":0},{"time":0.5,"x":-0.45,"y":9.53},{"time":0.6667,"x":0,"y":0},{"time":0.8333,"x":-0.45,"y":9.53},{"time":1.6667,"x":0,"y":0}],"scale":[{"time":0,"x":1,"y":1,"curve":"stepped"},{"time":0.3333,"x":1,"y":1,"curve":"stepped"},{"time":0.6667,"x":1,"y":1,"curve":"stepped"},{"time":1.6667,"x":1,"y":1}]},"BONE_HEAD":{"rotate":[{"time":0,"angle":0},{"time":0.1667,"angle":-1.36},{"time":0.3,"angle":-0.63},{"time":0.4333,"angle":-3.54},{"time":0.6,"angle":-1.65},{"time":0.7333,"angle":-2.94},{"time":1.6667,"angle":0}],"translate":[{"time":0,"x":0,"y":0,"curve":"stepped"},{"time":1.6667,"x":0,"y":0}],"scale":[{"time":0,"x":1,"y":1,"curve":"stepped"},{"time":1.6667,"x":1,"y":1}]},"BONE_NOSE":{"rotate":[{"time":0,"angle":0},{"time":0.2333,"angle":-3.2},{"time":0.4667,"angle":3.04},{"time":0.7,"angle":2.52},{"time":1.0333,"angle":-6.71},{"time":1.6667,"angle":0}],"translate":[{"time":0,"x":0,"y":0,"curve":"stepped"},{"time":1.6667,"x":0,"y":0}],"scale":[{"time":0,"x":1,"y":1,"curve":"stepped"},{"time":1.6667,"x":1,"y":1}]},"BONE_GLASSES":{"rotate":[{"time":0,"angle":0},{"time":0.1333,"angle":-3.15},{"time":0.3,"angle":1.98},{"time":0.4667,"angle":-3.15},{"time":0.6333,"angle":0},{"time":0.7667,"angle":-3.15},{"time":0.9333,"angle":1.2},{"time":1.6667,"angle":0}],"translate":[{"time":0,"x":0,"y":0,"curve":"stepped"},{"time":0.3,"x":0,"y":0,"curve":"stepped"},{"time":0.6333,"x":0,"y":0,"curve":"stepped"},{"time":0.9333,"x":0,"y":0,"curve":"stepped"},{"time":1.6667,"x":0,"y":0}],"scale":[{"time":0,"x":1,"y":1,"curve":"stepped"},{"time":0.3,"x":1,"y":1,"curve":"stepped"},{"time":0.6333,"x":1,"y":1,"curve":"stepped"},{"time":0.9333,"x":1,"y":1,"curve":"stepped"},{"time":1.6667,"x":1,"y":1}]},"BONE_HAT":{"rotate":[{"time":0,"angle":0,"curve":"stepped"},{"time":1.6667,"angle":0}],"translate":[{"time":0,"x":0,"y":0,"curve":"stepped"},{"time":1.6667,"x":0,"y":0}],"scale":[{"time":0,"x":1,"y":1,"curve":"stepped"},{"time":1.6667,"x":1,"y":1}]},"BONE_BACK_ARM":{"rotate":[{"time":0,"angle":98.09},{"time":0.1667,"angle":65.59},{"time":0.3333,"angle":98.09},{"time":0.5,"angle":65.59},{"time":0.6667,"angle":98.09},{"time":0.8333,"angle":65.59},{"time":1.6667,"angle":98.09}],"translate":[{"time":0,"x":0,"y":0,"curve":"stepped"},{"time":0.3333,"x":0,"y":0,"curve":"stepped"},{"time":0.6667,"x":0,"y":0,"curve":"stepped"},{"time":1.6667,"x":0,"y":0}],"scale":[{"time":0,"x":1,"y":1,"curve":"stepped"},{"time":0.3333,"x":1,"y":1,"curve":"stepped"},{"time":0.6667,"x":1,"y":1,"curve":"stepped"},{"time":1.6667,"x":1,"y":1}]},"BONE_FEET":{"rotate":[{"time":0,"angle":0},{"time":0.1667,"angle":3.3},{"time":0.3,"angle":4.02},{"time":0.4,"angle":1.06},{"time":0.5333,"angle":4.29},{"time":0.6333,"angle":2.52},{"time":0.7667,"angle":-1.12},{"time":0.9,"angle":3.6},{"time":1.6667,"angle":0}],"translate":[{"time":0,"x":0,"y":0,"curve":"stepped"},{"time":1.6667,"x":0,"y":0}],"scale":[{"time":0,"x":1,"y":1,"curve":"stepped"},{"time":1.6667,"x":1,"y":1}]},"BONE_FRONT_ARM":{"rotate":[{"time":0,"angle":0},{"time":0.1667,"angle":6.79},{"time":0.3333,"angle":0},{"time":0.5,"angle":6.79},{"time":0.6667,"angle":0},{"time":0.8333,"angle":6.79},{"time":1.6667,"angle":0}],"translate":[{"time":0,"x":0,"y":0,"curve":"stepped"},{"time":0.3333,"x":0,"y":0,"curve":"stepped"},{"time":0.6667,"x":0,"y":0,"curve":"stepped"},{"time":1.6667,"x":0,"y":0}],"scale":[{"time":0,"x":1,"y":1,"curve":"stepped"},{"time":0.3333,"x":1,"y":1,"curve":"stepped"},{"time":0.6667,"x":1,"y":1,"curve":"stepped"},{"time":1.6667,"x":1,"y":1}]},"BONE_PAPERS":{"rotate":[{"time":0,"angle":0},{"time":0.1667,"angle":3.79},{"time":0.3,"angle":2.91},{"time":0.4667,"angle":3.84},{"time":0.7,"angle":-1.85},{"time":0.9,"angle":3.41},{"time":1.1333,"angle":-4.6},{"time":1.6667,"angle":0}],"translate":[{"time":0,"x":0,"y":0,"curve":"stepped"},{"time":1.6667,"x":0,"y":0}],"scale":[{"time":0,"x":1,"y":1,"curve":"stepped"},{"time":1.6667,"x":1,"y":1}]}},"deform":{"default":{"open_wing":{"open_wing":[{"time":0,"vertices":[-3.63993,7.12674,-6.00761,-11.42,-0.46607,5.25903,-12.63097,24.52371,-55.35126,71.73708,-100.33678,162.30098,-63.15141,146.82947,-25.2348,21.258]},{"time":0.1667,"vertices":[-3.63993,7.12674,-6.00761,-11.42,2.49129,-0.04872,2.39378,10.04131,-43.28404,62.56245,-38.79687,98.21916,-14.24142,69.7486,-26.05758,4.90126]},{"time":0.2333,"vertices":[-3.63993,7.12674,-6.00761,-11.42,1.30835,2.07438,-3.61612,15.83427,-48.11093,66.2323,-63.41284,123.85188,-29.39702,87.84739,-25.72847,11.44395]},{"time":0.3333,"vertices":[-3.63993,7.12674,-6.00761,-11.42,-0.46607,5.25903,-12.63097,24.52371,-55.35126,71.73708,-100.33678,162.30098,-63.15141,146.82947,-25.2348,21.258]},{"time":0.4333,"vertices":[-3.63993,7.12674,-6.00761,-11.42,1.30835,2.07438,-3.61612,15.83427,-48.11093,66.2323,-47.62381,140.79695,-33.80541,100.58095,-26.03599,22.75699]},{"time":0.5,"vertices":[-3.63993,7.12674,-6.00761,-11.42,2.49129,-0.04872,2.39378,10.04131,-43.28404,62.56245,-38.79687,98.21916,-14.24142,69.7486,-26.05758,4.90126]},{"time":0.6667,"vertices":[-3.63993,7.12674,-6.00761,-11.42,-0.46607,5.25903,-12.63097,24.52371,-55.35126,71.73708,-100.33678,162.30098,-47.49955,138.33147,-25.2348,21.258]},{"time":0.8333,"vertices":[-3.63993,7.12674,-6.00761,-11.42,2.49129,-0.04872,-16.02483,27.19864,-28.14502,68.62621,-27.40807,88.7962,-25.36938,71.81059,-26.58882,-14.77063]},{"time":1.6667,"vertices":[-3.63993,7.12674,-6.00761,-11.42,-0.46607,5.25903,-12.63097,24.52371,-55.35126,71.73708,-100.33678,162.30098,-63.15141,146.82947,-25.2348,21.258]}]}}}},"greet":{"slots":{"eyelids":{"color":[{"time":0,"color":"ffffff00","curve":"stepped"},{"time":1.2,"color":"ffffff00"},{"time":1.3,"color":"ffffffff"},{"time":1.4,"color":"ffffff00","curve":"stepped"},{"time":3.4333,"color":"ffffff00"},{"time":3.5333,"color":"ffffffff"},{"time":3.6333,"color":"ffffff00","curve":"stepped"},{"time":5.3333,"color":"ffffff00"}]}},"bones":{"root":{"rotate":[{"time":0,"angle":0,"curve":"stepped"},{"time":5.3333,"angle":0}],"translate":[{"time":0,"x":0,"y":0,"curve":"stepped"},{"time":5.3333,"x":0,"y":0}],"scale":[{"time":0,"x":1,"y":1,"curve":"stepped"},{"time":5.3333,"x":1,"y":1}]},"BONE_BODY":{"rotate":[{"time":0,"angle":0,"curve":"stepped"},{"time":0.4667,"angle":0},{"time":1.0333,"angle":-2.1,"curve":[0.25,0,0.122,0.96]},{"time":1.5,"angle":0,"curve":"stepped"},{"time":5.3333,"angle":0}],"translate":[{"time":0,"x":0,"y":0,"curve":"stepped"},{"time":0.4667,"x":0,"y":0,"curve":"stepped"},{"time":1.5,"x":0,"y":0,"curve":"stepped"},{"time":5.3333,"x":0,"y":0}],"scale":[{"time":0,"x":1,"y":1,"curve":"stepped"},{"time":0.4667,"x":1,"y":1,"curve":"stepped"},{"time":1.5,"x":1,"y":1,"curve":"stepped"},{"time":5.3333,"x":1,"y":1}]},"BONE_HEAD":{"rotate":[{"time":0,"angle":0},{"time":0.9667,"angle":-1.45,"curve":[0.25,0,0.174,0.96]},{"time":1.5,"angle":-0.09},{"time":2.4333,"angle":1.24},{"time":5.3333,"angle":0}],"translate":[{"time":0,"x":0,"y":0,"curve":"stepped"},{"time":5.3333,"x":0,"y":0}],"scale":[{"time":0,"x":1,"y":1,"curve":"stepped"},{"time":5.3333,"x":1,"y":1}]},"BONE_NOSE":{"rotate":[{"time":0,"angle":0,"curve":"stepped"},{"time":0.5,"angle":0},{"time":0.7,"angle":-4.63,"curve":[0.25,0,0.222,0.95]},{"time":0.9333,"angle":0},{"time":1.1,"angle":-3.36},{"time":1.2667,"angle":3.72},{"time":1.4333,"angle":-2.4},{"time":1.6,"angle":-0.13},{"time":5.3333,"angle":0}],"translate":[{"time":0,"x":0,"y":0,"curve":"stepped"},{"time":0.5,"x":0,"y":0,"curve":"stepped"},{"time":0.9333,"x":0,"y":0,"curve":"stepped"},{"time":5.3333,"x":0,"y":0}],"scale":[{"time":0,"x":1,"y":1,"curve":"stepped"},{"time":0.5,"x":1,"y":1,"curve":"stepped"},{"time":0.9333,"x":1,"y":1,"curve":"stepped"},{"time":5.3333,"x":1,"y":1}]},"BONE_GLASSES":{"rotate":[{"time":0,"angle":0,"curve":"stepped"},{"time":0.6333,"angle":0},{"time":0.8667,"angle":-1.14},{"time":1.3333,"angle":-0.42},{"time":1.4667,"angle":1.69},{"time":2.4333,"angle":0.62},{"time":5.3333,"angle":0}],"translate":[{"time":0,"x":0,"y":0,"curve":"stepped"},{"time":0.6333,"x":0,"y":0,"curve":"stepped"},{"time":5.3333,"x":0,"y":0}],"scale":[{"time":0,"x":1,"y":1,"curve":"stepped"},{"time":0.6333,"x":1,"y":1,"curve":"stepped"},{"time":5.3333,"x":1,"y":1}]},"BONE_HAT":{"rotate":[{"time":0,"angle":0,"curve":"stepped"},{"time":0.6333,"angle":0},{"time":0.9667,"angle":-4.47},{"time":1.3667,"angle":0,"curve":"stepped"},{"time":5.3333,"angle":0}],"translate":[{"time":0,"x":0,"y":0,"curve":"stepped"},{"time":0.6333,"x":0,"y":0,"curve":"stepped"},{"time":1.3667,"x":0,"y":0,"curve":"stepped"},{"time":5.3333,"x":0,"y":0}],"scale":[{"time":0,"x":1,"y":1,"curve":"stepped"},{"time":0.6333,"x":1,"y":1,"curve":"stepped"},{"time":1.3667,"x":1,"y":1,"curve":"stepped"},{"time":5.3333,"x":1,"y":1}]},"BONE_BACK_ARM":{"rotate":[{"time":0,"angle":92.08,"curve":"stepped"},{"time":0.4667,"angle":92.08,"curve":[0.25,0,0,0.93]},{"time":0.8,"angle":0},{"time":1.0333,"angle":-6.18},{"time":1.2667,"angle":0,"curve":[0.25,0,1,0.38]},{"time":2.0333,"angle":92.08,"curve":"stepped"},{"time":5.3333,"angle":92.08}],"translate":[{"time":0,"x":0,"y":0,"curve":"stepped"},{"time":0.4667,"x":0,"y":0,"curve":"stepped"},{"time":2.0333,"x":0,"y":0,"curve":"stepped"},{"time":5.3333,"x":0,"y":0}],"scale":[{"time":0,"x":1,"y":1,"curve":"stepped"},{"time":0.4667,"x":1,"y":1,"curve":"stepped"},{"time":2.0333,"x":1,"y":1,"curve":"stepped"},{"time":5.3333,"x":1,"y":1}]},"BONE_FEET":{"rotate":[{"time":0,"angle":0,"curve":"stepped"},{"time":0.5,"angle":0},{"time":0.8,"angle":-353.32},{"time":1.5,"angle":3.12},{"time":5.3333,"angle":0}],"translate":[{"time":0,"x":0,"y":0,"curve":"stepped"},{"time":0.5,"x":0,"y":0,"curve":"stepped"},{"time":1.5,"x":0,"y":0,"curve":"stepped"},{"time":5.3333,"x":0,"y":0}],"scale":[{"time":0,"x":1,"y":1,"curve":"stepped"},{"time":0.5,"x":1,"y":1,"curve":"stepped"},{"time":1.5,"x":1,"y":1,"curve":"stepped"},{"time":5.3333,"x":1,"y":1}]},"BONE_FRONT_ARM":{"rotate":[{"time":0,"angle":0,"curve":"stepped"},{"time":0.4667,"angle":0},{"time":0.8,"angle":-2.55},{"time":1.5,"angle":-2.73},{"time":5.3333,"angle":0}],"translate":[{"time":0,"x":0,"y":0,"curve":"stepped"},{"time":0.4667,"x":0,"y":0,"curve":"stepped"},{"time":5.3333,"x":0,"y":0}],"scale":[{"time":0,"x":1,"y":1,"curve":"stepped"},{"time":0.4667,"x":1,"y":1,"curve":"stepped"},{"time":5.3333,"x":1,"y":1}]},"BONE_PAPERS":{"rotate":[{"time":0,"angle":0,"curve":"stepped"},{"time":5.3333,"angle":0}],"translate":[{"time":0,"x":0,"y":0,"curve":"stepped"},{"time":5.3333,"x":0,"y":0}],"scale":[{"time":0,"x":1,"y":1,"curve":"stepped"},{"time":5.3333,"x":1,"y":1}]}},"deform":{"default":{"open_wing":{"open_wing":[{"time":0,"vertices":[-9.08427,26.34169,-8.66641,-4.02895,-7.80333,10.3838,-29.66294,56.2043,-67.66447,67.80019,-115.4223,143.05693,-99.12029,147.59769,-55.24235,20.0101],"curve":"stepped"},{"time":0.4667,"vertices":[-9.08427,26.34169,-8.66641,-4.02895,-7.80333,10.3838,-29.66294,56.2043,-67.66447,67.80019,-115.4223,143.05693,-99.12029,147.59769,-55.24235,20.0101],"curve":[0.25,0,0,0.93]},{"time":0.6667,"vertices":[-3.63371,10.53668,-3.46656,-1.61158,-3.12133,4.15352,-11.86518,22.48172,-16.13742,17.17972,-44.88861,62.27708,-47.63442,66.44085,-19.42952,13.82534]},{"time":0.8,"offset":14,"vertices":[0.55203,0.23]},{"time":1.0333,"offset":2,"vertices":[-14.69624,-2.12833,-4.60477,8.37683,11.84651,25.35276,7.95816,5.36604,16.33488,9.97075,-15.49814,-11.49383,0.55203,0.23]},{"time":1.2667,"offset":14,"vertices":[0.55203,0.23],"curve":[0.25,0,1,0.38]},{"time":1.4333,"offset":4,"vertices":[-1.53717,5.94942,0,0,0,0,0,0,-18.11591,-8.48842,0.55203,0.23]},{"time":2.0333,"vertices":[-9.08427,26.34169,-8.66641,-4.02895,-7.80333,10.3838,-29.66294,56.2043,-67.66447,67.80019,-115.4223,143.05693,-99.12029,147.59769,-55.24235,20.0101],"curve":"stepped"},{"time":5.3333,"vertices":[-9.08427,26.34169,-8.66641,-4.02895,-7.80333,10.3838,-29.66294,56.2043,-67.66447,67.80019,-115.4223,143.05693,-99.12029,147.59769,-55.24235,20.0101]}]}}}},"idle":{"slots":{"eyelids":{"color":[{"time":0,"color":"ffffff00","curve":"stepped"},{"time":2.5333,"color":"ffffff00"},{"time":2.6,"color":"ffffffff"},{"time":2.7,"color":"ffffff00","curve":"stepped"},{"time":5.3333,"color":"ffffff00"}]},"open_wing":{"color":[{"time":0,"color":"ffffffff"}]}},"bones":{"root":{"rotate":[{"time":0,"angle":0}],"translate":[{"time":0,"x":0,"y":0}],"scale":[{"time":0,"x":1,"y":1}]},"BONE_BODY":{"rotate":[{"time":0,"angle":0},{"time":2.6667,"angle":-0.79},{"time":5.3333,"angle":0}],"translate":[{"time":0,"x":0,"y":0},{"time":2.6667,"x":-0.24,"y":5.1},{"time":5.3333,"x":0,"y":0}],"scale":[{"time":0,"x":1,"y":1,"curve":"stepped"},{"time":5.3333,"x":1,"y":1}]},"BONE_HEAD":{"rotate":[{"time":0,"angle":0,"curve":"stepped"},{"time":5.3333,"angle":0}],"translate":[{"time":0,"x":0,"y":0,"curve":"stepped"},{"time":5.3333,"x":0,"y":0}],"scale":[{"time":0,"x":1,"y":1,"curve":"stepped"},{"time":5.3333,"x":1,"y":1}]},"BONE_NOSE":{"rotate":[{"time":0,"angle":0},{"time":2.2,"angle":-3.48},{"time":2.7667,"angle":-2.11},{"time":5.3333,"angle":0}],"translate":[{"time":0,"x":0,"y":0},{"time":2.7667,"x":2.35,"y":-0.25},{"time":5.3333,"x":0,"y":0}],"scale":[{"time":0,"x":1,"y":1,"curve":"stepped"},{"time":5.3333,"x":1,"y":1}]},"BONE_GLASSES":{"rotate":[{"time":0,"angle":0},{"time":2.7667,"angle":-1.1},{"time":5.3333,"angle":0}],"translate":[{"time":0,"x":0,"y":0,"curve":"stepped"},{"time":5.3333,"x":0,"y":0}],"scale":[{"time":0,"x":1,"y":1,"curve":"stepped"},{"time":5.3333,"x":1,"y":1}]},"BONE_HAT":{"rotate":[{"time":0,"angle":0},{"time":1.9,"angle":-1.12},{"time":5.3333,"angle":0}],"translate":[{"time":0,"x":0,"y":0,"curve":"stepped"},{"time":5.3333,"x":0,"y":0}],"scale":[{"time":0,"x":1,"y":1,"curve":"stepped"},{"time":5.3333,"x":1,"y":1}]},"BONE_BACK_ARM":{"rotate":[{"time":0,"angle":81.3}],"translate":[{"time":0,"x":0,"y":0}],"scale":[{"time":0,"x":1,"y":1}]},"BONE_FEET":{"rotate":[{"time":0,"angle":0},{"time":2.5333,"angle":3.93},{"time":5.3333,"angle":0}],"translate":[{"time":0,"x":0,"y":0,"curve":"stepped"},{"time":5.3333,"x":0,"y":0}],"scale":[{"time":0,"x":1,"y":1,"curve":"stepped"},{"time":5.3333,"x":1,"y":1}]},"BONE_FRONT_ARM":{"rotate":[{"time":0,"angle":0},{"time":2.3667,"angle":2.84},{"time":2.7,"angle":3.68},{"time":5.3333,"angle":0}],"translate":[{"time":0,"x":0,"y":0,"curve":"stepped"},{"time":5.3333,"x":0,"y":0}],"scale":[{"time":0,"x":1,"y":1,"curve":"stepped"},{"time":5.3333,"x":1,"y":1}]},"BONE_PAPERS":{"rotate":[{"time":0,"angle":0},{"time":2.2667,"angle":3.1},{"time":5.3333,"angle":0}],"translate":[{"time":0,"x":0,"y":0,"curve":"stepped"},{"time":5.3333,"x":0,"y":0}],"scale":[{"time":0,"x":1,"y":1,"curve":"stepped"},{"time":5.3333,"x":1,"y":1}]}},"deform":{"default":{"open_wing":{"open_wing":[{"time":0,"vertices":[-33.2725,52.73048,-18.7505,-0.63992,-49.71701,18.80243,-67.73967,42.53011,-109.48184,75.75348,-135.87772,150.61075,-121.41306,164.19482,-38.21359,29.38907]}]}}}}}}