{"skeleton":{"hash":"3ZppIuXSu5PAbIsMxyHVDkvum8Y","spine":"3.5.46","width":370.28,"height":465.5,"images":"./images/"},"bones":[{"name":"root"},{"name":"BONE_BODY","parent":"root","length":90.89,"rotation":88.25,"x":35.23,"y":-20.95},{"name":"BONE_BACK_ARM","parent":"BONE_BODY","length":99.5,"rotation":118.32,"x":81.49,"y":64.63},{"name":"BONE_HEAD","parent":"BONE_BODY","length":80.77,"rotation":11,"x":109.33,"y":3.35},{"name":"BONE_BACK_EAR","parent":"BONE_HEAD","length":40.42,"rotation":-45.85,"x":160.63,"y":-40.24},{"name":"BONE_FRONT_ARM","parent":"BONE_BODY","length":126.72,"rotation":112.31,"x":58.72,"y":-39.94},{"name":"BONE_FRONT_EAR","parent":"BONE_HEAD","length":64.24,"rotation":-54.25,"x":115.54,"y":-46.05},{"name":"BONE_IRIS","parent":"BONE_HEAD","rotation":-45.85,"x":130.67,"y":23.81}],"slots":[{"name":"back_ear","bone":"BONE_BACK_EAR","attachment":"back_ear"},{"name":"arm2","bone":"BONE_BACK_ARM","attachment":"arm"},{"name":"body","bone":"BONE_BODY","attachment":"body"},{"name":"head_base","bone":"BONE_HEAD","attachment":"head_base"},{"name":"front_ear","bone":"BONE_FRONT_EAR","attachment":"front_ear"},{"name":"iris","bone":"BONE_IRIS","attachment":"iris"},{"name":"arm","bone":"BONE_FRONT_ARM","attachment":"arm"},{"name":"eyelid","bone":"BONE_HEAD","attachment":"eyelid"}],"skins":{"default":{"arm":{"arm":{"x":92.48,"y":-9.56,"rotation":159.44,"width":236,"height":126}},"arm2":{"arm":{"x":60.25,"y":-0.53,"rotation":153.43,"width":236,"height":126}},"back_ear":{"back_ear":{"x":28.99,"y":5.52,"rotation":-53.39,"width":70,"height":50}},"body":{"body":{"x":28.2,"y":25.11,"rotation":-88.25,"width":255,"height":319}},"eyelid":{"eyelid":{"x":130.29,"y":4.15,"rotation":-99.25,"width":68,"height":62}},"front_ear":{"front_ear":{"x":59.25,"y":-3.91,"rotation":-45,"width":129,"height":130}},"head_base":{"head_base":{"x":99.21,"y":8.4,"rotation":-99.25,"width":263,"height":199}},"iris":{"iris":{"x":3.68,"y":-2.57,"rotation":-53.39,"width":26,"height":30}}}},"animations":{"celebrate":{"slots":{"eyelid":{"color":[{"time":0,"color":"ffffff00","curve":"stepped"},{"time":1.2,"color":"ffffff00"},{"time":1.3333,"color":"ffffffff"},{"time":1.5333,"color":"ffffff00","curve":"stepped"},{"time":4.0667,"color":"ffffff00"},{"time":4.2,"color":"ffffffff"},{"time":4.4,"color":"ffffff00","curve":"stepped"},{"time":5.6333,"color":"ffffff00"}]}},"bones":{"root":{"rotate":[{"time":0,"angle":0,"curve":"stepped"},{"time":5.6333,"angle":0}],"translate":[{"time":0,"x":0,"y":0,"curve":"stepped"},{"time":5.6333,"x":0,"y":0}],"scale":[{"time":0,"x":1,"y":1,"curve":"stepped"},{"time":5.6333,"x":1,"y":1}]},"BONE_BODY":{"rotate":[{"time":0,"angle":0},{"time":0.6333,"angle":-2.83},{"time":0.8667,"angle":-4.47},{"time":1.0333,"angle":-10.53},{"time":1.3667,"angle":-5.11,"curve":[0.25,0,0.354,0.84]},{"time":1.7,"angle":-7.85},{"time":1.8333,"angle":-9.53},{"time":2.0333,"angle":3.62},{"time":2.7667,"angle":-5.35},{"time":3.0667,"angle":-13.34,"curve":[0.25,0,1,0.65]},{"time":3.4,"angle":3.78},{"time":3.8,"angle":-1.92},{"time":4.1333,"angle":-6.03},{"time":5.6333,"angle":0}],"translate":[{"time":0,"x":0,"y":0},{"time":0.3,"x":0.34,"y":11.06},{"time":0.6333,"x":0,"y":0.06},{"time":1.0333,"x":0.34,"y":11.06},{"time":1.3667,"x":0,"y":0.06,"curve":[0.25,0,0.354,0.84]},{"time":1.7,"x":0.34,"y":11.06},{"time":2.0333,"x":0,"y":0.06},{"time":2.4333,"x":0.34,"y":11.06},{"time":2.7667,"x":0,"y":0.06},{"time":3.0667,"x":0.34,"y":11.06,"curve":[0.25,0,1,0.65]},{"time":3.4,"x":0,"y":0.06},{"time":3.8,"x":0.34,"y":11.06},{"time":4.1333,"x":0,"y":0.06},{"time":5.6333,"x":0,"y":0}],"scale":[{"time":0,"x":1,"y":1,"curve":"stepped"},{"time":5.6333,"x":1,"y":1}]},"BONE_HEAD":{"rotate":[{"time":0,"angle":0},{"time":0.3,"angle":-18.25,"curve":[0.25,0,1,0.33]},{"time":0.6333,"angle":8.02},{"time":1.0333,"angle":-9},{"time":1.3667,"angle":2.57,"curve":[0.25,0,0.354,0.84]},{"time":1.7,"angle":-9},{"time":1.9,"angle":4.12},{"time":2.0333,"angle":2.57},{"time":2.2,"angle":7.17},{"time":2.4333,"angle":-9},{"time":2.7667,"angle":2.57},{"time":3.0667,"angle":-9,"curve":[0.25,0,1,0.65]},{"time":3.4,"angle":2.57},{"time":3.8,"angle":-9},{"time":4.1333,"angle":2.57},{"time":5.0667,"angle":-5.94},{"time":5.6333,"angle":0}],"translate":[{"time":0,"x":0,"y":0,"curve":"stepped"},{"time":5.6333,"x":0,"y":0}],"scale":[{"time":0,"x":1,"y":1,"curve":"stepped"},{"time":5.6333,"x":1,"y":1}]},"BONE_FRONT_EAR":{"rotate":[{"time":0,"angle":0},{"time":0.3,"angle":-14.42},{"time":1.3667,"angle":13.43},{"time":2.5,"angle":-15.11},{"time":3.3333,"angle":6.91},{"time":4.2333,"angle":15.64},{"time":5.6333,"angle":0}],"translate":[{"time":0,"x":0,"y":0,"curve":"stepped"},{"time":5.6333,"x":0,"y":0}],"scale":[{"time":0,"x":1,"y":1,"curve":"stepped"},{"time":5.6333,"x":1,"y":1}]},"BONE_BACK_EAR":{"rotate":[{"time":0,"angle":0},{"time":0.3,"angle":-28.6},{"time":1.3667,"angle":13.71},{"time":2.5,"angle":-24.97},{"time":3.3333,"angle":6.47},{"time":4.2333,"angle":18.62},{"time":5.6333,"angle":0}],"translate":[{"time":0,"x":0,"y":0,"curve":"stepped"},{"time":5.6333,"x":0,"y":0}],"scale":[{"time":0,"x":1,"y":1,"curve":"stepped"},{"time":5.6333,"x":1,"y":1}]},"BONE_IRIS":{"rotate":[{"time":0,"angle":0,"curve":"stepped"},{"time":5.6333,"angle":0}],"translate":[{"time":0,"x":0,"y":0,"curve":"stepped"},{"time":5.6333,"x":0,"y":0}],"scale":[{"time":0,"x":1,"y":1,"curve":"stepped"},{"time":5.6333,"x":1,"y":1}]},"BONE_BACK_ARM":{"rotate":[{"time":0,"angle":0},{"time":0.3,"angle":-55.38},{"time":0.6333,"angle":-3.03},{"time":1.0333,"angle":-76.4},{"time":1.3667,"angle":-3.03,"curve":[0.25,0,0.354,0.84]},{"time":1.7,"angle":-12.72},{"time":2.0333,"angle":-3.03},{"time":2.4333,"angle":-55.38},{"time":2.7667,"angle":-35.54},{"time":3.0667,"angle":-40.96,"curve":[0.25,0,1,0.65]},{"time":3.4,"angle":-3.03},{"time":3.8,"angle":-55.38},{"time":4.1333,"angle":-3.03},{"time":5.6333,"angle":0}],"translate":[{"time":0,"x":0,"y":0,"curve":"stepped"},{"time":5.6333,"x":0,"y":0}],"scale":[{"time":0,"x":1,"y":1,"curve":"stepped"},{"time":5.6333,"x":1,"y":1}]},"BONE_FRONT_ARM":{"rotate":[{"time":0,"angle":0},{"time":0.3,"angle":-17.27},{"time":0.6333,"angle":1.3},{"time":0.8333,"angle":-29.36},{"time":1.0333,"angle":-36.93},{"time":1.3667,"angle":11.19,"curve":[0.367,0,0.67,0.41]},{"time":1.4667,"angle":-16.01,"curve":[0.197,0.32,0.432,0.87]},{"time":1.7,"angle":-36.93},{"time":2.0333,"angle":11.19},{"time":2.4333,"angle":-36.93},{"time":2.6333,"angle":-14.56},{"time":2.7667,"angle":11.19},{"time":3.0667,"angle":-64.05,"curve":[0.25,0,1,0.65]},{"time":3.4,"angle":43.1},{"time":3.8,"angle":-50.19},{"time":4.1333,"angle":44.84},{"time":5.6333,"angle":0}],"translate":[{"time":0,"x":0,"y":0,"curve":"stepped"},{"time":5.6333,"x":0,"y":0}],"scale":[{"time":0,"x":1,"y":1,"curve":"stepped"},{"time":5.6333,"x":1,"y":1}]}}},"idle":{"slots":{"eyelid":{"color":[{"time":0,"color":"ffffff00","curve":"stepped"},{"time":2.4333,"color":"ffffff00"},{"time":2.6333,"color":"ffffffff"},{"time":2.8667,"color":"ffffff00","curve":"stepped"},{"time":7.7333,"color":"ffffff00"},{"time":7.9333,"color":"ffffffff"},{"time":8.1667,"color":"ffffff00"}]}},"bones":{"root":{"rotate":[{"time":0,"angle":0,"curve":"stepped"},{"time":4.3333,"angle":0,"curve":"stepped"},{"time":9.7667,"angle":0}],"translate":[{"time":0,"x":0,"y":0,"curve":"stepped"},{"time":4.3333,"x":0,"y":0,"curve":"stepped"},{"time":9.7667,"x":0,"y":0}],"scale":[{"time":0,"x":1,"y":1,"curve":"stepped"},{"time":4.3333,"x":1,"y":1,"curve":"stepped"},{"time":9.7667,"x":1,"y":1}]},"BONE_BODY":{"rotate":[{"time":0,"angle":0},{"time":2,"angle":-4.41},{"time":4.3333,"angle":0},{"time":7.4333,"angle":-4.41},{"time":9.7667,"angle":0}],"translate":[{"time":0,"x":0,"y":0,"curve":"stepped"},{"time":4.3333,"x":0,"y":0,"curve":"stepped"},{"time":9.7667,"x":0,"y":0}],"scale":[{"time":0,"x":1,"y":1,"curve":"stepped"},{"time":4.3333,"x":1,"y":1,"curve":"stepped"},{"time":9.7667,"x":1,"y":1}]},"BONE_HEAD":{"rotate":[{"time":0,"angle":0},{"time":2,"angle":2.72},{"time":4.3333,"angle":2.08},{"time":7.4333,"angle":-0.19},{"time":9.7667,"angle":0}],"translate":[{"time":0,"x":0,"y":0,"curve":"stepped"},{"time":4.3333,"x":0,"y":0,"curve":"stepped"},{"time":9.7667,"x":0,"y":0}],"scale":[{"time":0,"x":1,"y":1,"curve":"stepped"},{"time":4.3333,"x":1,"y":1,"curve":"stepped"},{"time":9.7667,"x":1,"y":1}]},"BONE_FRONT_EAR":{"rotate":[{"time":0,"angle":0},{"time":2,"angle":-8.96},{"time":4.3333,"angle":0},{"time":7.4333,"angle":-8.96},{"time":9.7667,"angle":0}],"translate":[{"time":0,"x":0,"y":0,"curve":"stepped"},{"time":4.3333,"x":0,"y":0,"curve":"stepped"},{"time":9.7667,"x":0,"y":0}],"scale":[{"time":0,"x":1,"y":1,"curve":"stepped"},{"time":4.3333,"x":1,"y":1,"curve":"stepped"},{"time":9.7667,"x":1,"y":1}]},"BONE_BACK_EAR":{"rotate":[{"time":0,"angle":0},{"time":2,"angle":-19.37},{"time":4.3333,"angle":0},{"time":7.4333,"angle":-19.37},{"time":9.7667,"angle":0}],"translate":[{"time":0,"x":0,"y":0,"curve":"stepped"},{"time":4.3333,"x":0,"y":0,"curve":"stepped"},{"time":9.7667,"x":0,"y":0}],"scale":[{"time":0,"x":1,"y":1,"curve":"stepped"},{"time":4.3333,"x":1,"y":1,"curve":"stepped"},{"time":9.7667,"x":1,"y":1}]},"BONE_IRIS":{"rotate":[{"time":0,"angle":0,"curve":"stepped"},{"time":3.8667,"angle":0,"curve":"stepped"},{"time":6.9333,"angle":0,"curve":"stepped"},{"time":9.7667,"angle":0}],"translate":[{"time":0,"x":0,"y":0,"curve":"stepped"},{"time":3.8667,"x":0,"y":0},{"time":4.2,"x":0.06,"y":3.26,"curve":"stepped"},{"time":5.7,"x":0.06,"y":3.26},{"time":6.9333,"x":-5.08,"y":0.31,"curve":"stepped"},{"time":8.2667,"x":-5.08,"y":0.31},{"time":9.7667,"x":0,"y":0}],"scale":[{"time":0,"x":1,"y":1,"curve":"stepped"},{"time":3.8667,"x":1,"y":1,"curve":"stepped"},{"time":6.9333,"x":1,"y":1,"curve":"stepped"},{"time":9.7667,"x":1,"y":1}]},"BONE_BACK_ARM":{"rotate":[{"time":0,"angle":0},{"time":1.5,"angle":9.17,"curve":"stepped"},{"time":3.0667,"angle":9.17},{"time":4.3333,"angle":0},{"time":5.7,"angle":9.17,"curve":"stepped"},{"time":7.4333,"angle":9.17},{"time":9.7667,"angle":0}],"translate":[{"time":0,"x":0,"y":0,"curve":"stepped"},{"time":4.3333,"x":0,"y":0,"curve":"stepped"},{"time":9.7667,"x":0,"y":0}],"scale":[{"time":0,"x":1,"y":1,"curve":"stepped"},{"time":4.3333,"x":1,"y":1,"curve":"stepped"},{"time":9.7667,"x":1,"y":1}]},"BONE_FRONT_ARM":{"rotate":[{"time":0,"angle":0},{"time":2,"angle":-4.6,"curve":"stepped"},{"time":3.3333,"angle":-4.6},{"time":4.3333,"angle":0},{"time":7.4333,"angle":-4.6},{"time":9.7667,"angle":0}],"translate":[{"time":0,"x":0,"y":0,"curve":"stepped"},{"time":4.3333,"x":0,"y":0,"curve":"stepped"},{"time":9.7667,"x":0,"y":0}],"scale":[{"time":0,"x":1,"y":1,"curve":"stepped"},{"time":4.3333,"x":1,"y":1,"curve":"stepped"},{"time":9.7667,"x":1,"y":1}]}}}}}