{"skeleton":{"hash":"rkDGDbDbnZLXenLdHBgrUEj4BrM","spine":"3.5.46","width":303.23,"height":459.68,"images":"./Images/"},"bones":[{"name":"root"},{"name":"BONE_BODY","parent":"root","length":85.46,"rotation":86.05,"x":-6.64,"y":-14.84},{"name":"BONE_BACK_ARM","parent":"BONE_BODY","length":70.11,"rotation":123.47,"x":46.35,"y":43.72},{"name":"BONE_HEAD","parent":"BONE_BODY","length":47.92,"rotation":7.19,"x":98.05,"y":-11.66},{"name":"BONE_BACK_EAR","parent":"BONE_HEAD","length":39.13,"rotation":-32.41,"x":126.39,"y":-14.88},{"name":"BONE_FRONT_ARM","parent":"BONE_BODY","length":82.96,"rotation":123.69,"x":50.06,"y":-42.23},{"name":"BONE_FRONT_EAR","parent":"BONE_HEAD","length":53.59,"rotation":-52.18,"x":83.32,"y":-38.11},{"name":"BONE_IRIS","parent":"BONE_HEAD","rotation":-32.41,"x":85.18,"y":33.99}],"slots":[{"name":"son_mouse_arm2","bone":"BONE_BACK_ARM","attachment":"son_mouse_arm"},{"name":"son_mouse_body","bone":"BONE_BODY","attachment":"son_mouse_body"},{"name":"back_ear","bone":"BONE_BACK_EAR","attachment":"back_ear"},{"name":"base_head","bone":"BONE_HEAD","attachment":"base_head"},{"name":"mouth_1","bone":"BONE_HEAD","attachment":"mouth_1"},{"name":"mouth_2","bone":"BONE_HEAD","attachment":"mouth_2"},{"name":"iris","bone":"BONE_IRIS","attachment":"iris"},{"name":"EYELID","bone":"BONE_HEAD","attachment":"EYELID"},{"name":"front_ear","bone":"BONE_FRONT_EAR","attachment":"front_ear"},{"name":"son_mouse_arm","bone":"BONE_FRONT_ARM","attachment":"son_mouse_arm"}],"skins":{"default":{"EYELID":{"EYELID":{"x":90.51,"y":24.16,"rotation":-94.43,"width":65,"height":64}},"back_ear":{"back_ear":{"x":25.45,"y":6.29,"rotation":-61.99,"width":69,"height":58}},"base_head":{"base_head":{"x":84.31,"y":17.49,"rotation":-94.4,"width":196,"height":174}},"front_ear":{"front_ear":{"x":53.33,"y":9.67,"rotation":-42.22,"width":118,"height":105}},"iris":{"iris":{"x":0.26,"y":-0.12,"rotation":-61.99,"width":20,"height":24}},"mouth_1":{"mouth_1":{"x":36.25,"y":53.3,"rotation":-94.4,"width":110,"height":83}},"mouth_2":{"mouth_2":{"x":39.77,"y":47.77,"rotation":-94.4,"width":108,"height":74}},"son_mouse_arm":{"son_mouse_arm":{"x":68.43,"y":-12.13,"rotation":150.26,"width":155,"height":96}},"son_mouse_arm2":{"son_mouse_arm":{"x":42,"y":-6.38,"rotation":150.48,"width":155,"height":96}},"son_mouse_body":{"son_mouse_body":{"x":-14.28,"y":1.38,"rotation":-86.05,"width":209,"height":333}}}},"animations":{"celebrate":{"slots":{"EYELID":{"color":[{"time":0,"color":"ffffff00","curve":"stepped"},{"time":2.6,"color":"ffffff00"},{"time":2.8,"color":"ffffffff"},{"time":3,"color":"ffffff00","curve":"stepped"},{"time":5.3333,"color":"ffffff00"}]},"mouth_1":{"color":[{"time":0,"color":"ffffff00","curve":"stepped"},{"time":0.1667,"color":"ffffff00"},{"time":0.3,"color":"ffffffff","curve":"stepped"},{"time":1.5333,"color":"ffffffff"},{"time":1.6667,"color":"ffffff00","curve":"stepped"},{"time":2.8667,"color":"ffffff00"},{"time":3,"color":"ffffffff","curve":"stepped"},{"time":4.5,"color":"ffffffff"},{"time":4.6333,"color":"ffffff00","curve":"stepped"},{"time":5.3333,"color":"ffffff00"}]},"mouth_2":{"color":[{"time":0,"color":"ffffffff","curve":"stepped"},{"time":0.1667,"color":"ffffffff"},{"time":0.3,"color":"ffffff00","curve":"stepped"},{"time":1.5333,"color":"ffffff00"},{"time":1.6667,"color":"ffffffff","curve":"stepped"},{"time":2.8667,"color":"ffffffff"},{"time":3,"color":"ffffff00","curve":"stepped"},{"time":4.5,"color":"ffffff00"},{"time":4.6333,"color":"ffffffff","curve":"stepped"},{"time":5.3333,"color":"ffffffff"}]}},"bones":{"root":{"rotate":[{"time":0,"angle":0,"curve":"stepped"},{"time":5.3333,"angle":0}],"translate":[{"time":0,"x":0,"y":0,"curve":"stepped"},{"time":5.3333,"x":0,"y":0}],"scale":[{"time":0,"x":1,"y":1,"curve":"stepped"},{"time":5.3333,"x":1,"y":1}]},"BONE_BODY":{"rotate":[{"time":0,"angle":0},{"time":0.7,"angle":-6.13,"curve":[0.25,0,0,0.81]},{"time":1.6,"angle":0.76},{"time":2.3667,"angle":-2.95,"curve":[0.25,0,0,0.87]},{"time":3.4667,"angle":1.76},{"time":5.3333,"angle":0}],"translate":[{"time":0,"x":0,"y":0},{"time":0.2333,"x":0.78,"y":11.32},{"time":0.5,"x":0.15,"y":2.17},{"time":0.7,"x":1.39,"y":20.12,"curve":[0.25,0,0,0.81]},{"time":0.9,"x":-0.05,"y":-0.72},{"time":1.1333,"x":1.01,"y":14.71},{"time":1.3667,"x":-0.14,"y":-1.99},{"time":1.6,"x":1.01,"y":14.7},{"time":1.8333,"x":-0.28,"y":-4.04},{"time":2.1333,"x":-0.05,"y":-0.72},{"time":2.3667,"x":1.01,"y":14.71,"curve":[0.25,0,0,0.87]},{"time":2.6,"x":-0.14,"y":-1.99},{"time":2.8333,"x":1.01,"y":14.7},{"time":3.0667,"x":-0.28,"y":-4.04},{"time":5.3333,"x":0,"y":0}],"scale":[{"time":0,"x":1,"y":1,"curve":"stepped"},{"time":5.3333,"x":1,"y":1}]},"BONE_HEAD":{"rotate":[{"time":0,"angle":-5.22},{"time":0.2333,"angle":-8.68},{"time":0.5,"angle":-5.28},{"time":0.7,"angle":-4.03,"curve":[0.25,0,1,0.41]},{"time":0.9,"angle":1.9},{"time":1.1333,"angle":-11.12},{"time":1.3667,"angle":-0.79},{"time":1.6,"angle":-8.68},{"time":1.8333,"angle":0.37},{"time":2.1333,"angle":1.9},{"time":2.3667,"angle":-13.65},{"time":2.6,"angle":-0.79},{"time":2.8333,"angle":-8.68},{"time":3.0667,"angle":0.37},{"time":4.1667,"angle":8.7},{"time":5.3333,"angle":-5.22}],"translate":[{"time":0,"x":0,"y":0},{"time":0.2333,"x":-1.89,"y":-0.13},{"time":5.3333,"x":0,"y":0}],"scale":[{"time":0,"x":1,"y":1,"curve":"stepped"},{"time":5.3333,"x":1,"y":1}]},"BONE_FRONT_EAR":{"rotate":[{"time":0,"angle":0},{"time":0.2333,"angle":-12.94},{"time":0.5,"angle":0.98},{"time":0.7,"angle":-14.29},{"time":0.9,"angle":-2.47},{"time":1.1333,"angle":-10.49},{"time":1.8333,"angle":5.25},{"time":2.1333,"angle":-3.24},{"time":2.8333,"angle":5.94},{"time":4.0333,"angle":-5.62},{"time":5.3333,"angle":0}],"translate":[{"time":0,"x":0,"y":0,"curve":"stepped"},{"time":5.3333,"x":0,"y":0}],"scale":[{"time":0,"x":1,"y":1,"curve":"stepped"},{"time":5.3333,"x":1,"y":1}]},"BONE_BACK_EAR":{"rotate":[{"time":0,"angle":0},{"time":0.2333,"angle":-14.34},{"time":0.5,"angle":13.41},{"time":0.7,"angle":-12.8},{"time":0.9,"angle":0.8},{"time":1.1333,"angle":-9.76},{"time":1.8333,"angle":14.06},{"time":2.1333,"angle":-9.55},{"time":2.8333,"angle":9.95},{"time":5.3333,"angle":0}],"translate":[{"time":0,"x":0,"y":0,"curve":"stepped"},{"time":5.3333,"x":0,"y":0}],"scale":[{"time":0,"x":1,"y":1,"curve":"stepped"},{"time":5.3333,"x":1,"y":1}]},"BONE_IRIS":{"rotate":[{"time":0,"angle":0,"curve":"stepped"},{"time":1.4333,"angle":0,"curve":"stepped"},{"time":4.0333,"angle":0,"curve":"stepped"},{"time":5.3333,"angle":0}],"translate":[{"time":0,"x":0,"y":0,"curve":"stepped"},{"time":1.4333,"x":0,"y":0},{"time":1.6667,"x":-2.01,"y":3.8,"curve":"stepped"},{"time":3.6333,"x":-2.01,"y":3.8},{"time":4.0333,"x":0,"y":0,"curve":"stepped"},{"time":5.3333,"x":0,"y":0}],"scale":[{"time":0,"x":1,"y":1,"curve":"stepped"},{"time":1.4333,"x":1,"y":1,"curve":"stepped"},{"time":4.0333,"x":1,"y":1,"curve":"stepped"},{"time":5.3333,"x":1,"y":1}]},"BONE_FRONT_ARM":{"rotate":[{"time":0,"angle":0},{"time":0.2333,"angle":-29.98},{"time":0.5,"angle":-6.78},{"time":0.7,"angle":-42.47,"curve":[0.25,0,1,0.41]},{"time":0.9,"angle":5.56},{"time":1.1333,"angle":-22.63},{"time":1.3667,"angle":4.2},{"time":1.6,"angle":-27.4},{"time":1.8333,"angle":14.6},{"time":2.1333,"angle":29.02},{"time":2.3667,"angle":-22.63},{"time":2.6,"angle":4.2},{"time":2.8333,"angle":-27.4},{"time":3.0667,"angle":14.6},{"time":3.4667,"angle":1.52},{"time":5.3333,"angle":0}],"translate":[{"time":0,"x":0,"y":0,"curve":"stepped"},{"time":5.3333,"x":0,"y":0}],"scale":[{"time":0,"x":1,"y":1,"curve":"stepped"},{"time":5.3333,"x":1,"y":1}]},"BONE_BACK_ARM":{"rotate":[{"time":0,"angle":0},{"time":0.2333,"angle":-25.53},{"time":0.5,"angle":4.17},{"time":0.7,"angle":-39.28,"curve":[0.25,0,1,0.41]},{"time":0.9,"angle":0.25},{"time":1.1333,"angle":-46.13},{"time":1.3667,"angle":5.82},{"time":1.6,"angle":-71.37},{"time":1.8333,"angle":4.7},{"time":2.1333,"angle":-16.62},{"time":2.3667,"angle":-18.53},{"time":2.6,"angle":5.82},{"time":2.8333,"angle":-55.5},{"time":3.0667,"angle":4.7},{"time":5.3333,"angle":0}],"translate":[{"time":0,"x":0,"y":0,"curve":"stepped"},{"time":5.3333,"x":0,"y":0}],"scale":[{"time":0,"x":1,"y":1,"curve":"stepped"},{"time":5.3333,"x":1,"y":1}]}}},"idle":{"slots":{"EYELID":{"color":[{"time":0,"color":"ffffff00","curve":"stepped"},{"time":2.6667,"color":"ffffff00"},{"time":2.7667,"color":"ffffffff"},{"time":2.9,"color":"ffffff00","curve":"stepped"},{"time":5.3333,"color":"ffffff00"}]},"mouth_1":{"color":[{"time":0,"color":"ffffff00","curve":"stepped"},{"time":5.3333,"color":"ffffff00"}]},"mouth_2":{"color":[{"time":0,"color":"ffffffff","curve":"stepped"},{"time":5.3333,"color":"ffffffff"}]}},"bones":{"root":{"rotate":[{"time":0,"angle":0,"curve":"stepped"},{"time":5.3333,"angle":0}],"translate":[{"time":0,"x":0,"y":0,"curve":"stepped"},{"time":5.3333,"x":0,"y":0}],"scale":[{"time":0,"x":1,"y":1,"curve":"stepped"},{"time":5.3333,"x":1,"y":1}]},"BONE_BODY":{"rotate":[{"time":0,"angle":0},{"time":1.4,"angle":0.77},{"time":3.3333,"angle":-1.92},{"time":5.3333,"angle":0}],"translate":[{"time":0,"x":0,"y":0},{"time":1.4,"x":0.12,"y":2.2},{"time":3.3333,"x":-0.06,"y":-0.83},{"time":5.3333,"x":0,"y":0}],"scale":[{"time":0,"x":1,"y":1,"curve":"stepped"},{"time":5.3333,"x":1,"y":1}]},"BONE_HEAD":{"rotate":[{"time":0,"angle":-5.22},{"time":1.1667,"angle":2.6},{"time":2,"angle":-0.16},{"time":5.3333,"angle":-5.22}],"translate":[{"time":0,"x":0,"y":0,"curve":"stepped"},{"time":5.3333,"x":0,"y":0}],"scale":[{"time":0,"x":1,"y":1,"curve":"stepped"},{"time":5.3333,"x":1,"y":1}]},"BONE_FRONT_EAR":{"rotate":[{"time":0,"angle":0},{"time":1.1667,"angle":-0.17},{"time":2,"angle":-8.19},{"time":4.0333,"angle":-10.32},{"time":5.3333,"angle":0}],"translate":[{"time":0,"x":0,"y":0,"curve":"stepped"},{"time":5.3333,"x":0,"y":0}],"scale":[{"time":0,"x":1,"y":1,"curve":"stepped"},{"time":5.3333,"x":1,"y":1}]},"BONE_BACK_EAR":{"rotate":[{"time":0,"angle":0},{"time":1.1667,"angle":-2.9},{"time":2,"angle":-13.43},{"time":4.0333,"angle":-16.88},{"time":5.3333,"angle":0}],"translate":[{"time":0,"x":0,"y":0,"curve":"stepped"},{"time":5.3333,"x":0,"y":0}],"scale":[{"time":0,"x":1,"y":1,"curve":"stepped"},{"time":5.3333,"x":1,"y":1}]},"BONE_IRIS":{"rotate":[{"time":0,"angle":0,"curve":"stepped"},{"time":0.9667,"angle":0,"curve":"stepped"},{"time":2.8,"angle":0,"curve":"stepped"},{"time":5.3333,"angle":0}],"translate":[{"time":0,"x":0,"y":0,"curve":"stepped"},{"time":0.9667,"x":0,"y":0},{"time":1.1667,"x":-3.41,"y":2.59},{"time":2.3333,"x":-3.44,"y":3.55},{"time":2.8,"x":0,"y":0,"curve":"stepped"},{"time":5.3333,"x":0,"y":0}],"scale":[{"time":0,"x":1,"y":1,"curve":"stepped"},{"time":0.9667,"x":1,"y":1,"curve":"stepped"},{"time":2.8,"x":1,"y":1,"curve":"stepped"},{"time":5.3333,"x":1,"y":1}]},"BONE_FRONT_ARM":{"rotate":[{"time":0,"angle":0},{"time":1.1667,"angle":-0.76},{"time":2,"angle":7.06},{"time":2.9,"angle":12.65},{"time":5.3333,"angle":0}],"translate":[{"time":0,"x":0,"y":0,"curve":"stepped"},{"time":5.3333,"x":0,"y":0}],"scale":[{"time":0,"x":1,"y":1,"curve":"stepped"},{"time":5.3333,"x":1,"y":1}]},"BONE_BACK_ARM":{"rotate":[{"time":0,"angle":0},{"time":0.8,"angle":-9.35},{"time":1.1667,"angle":-1.73},{"time":2,"angle":6.41},{"time":5.3333,"angle":0}],"translate":[{"time":0,"x":0,"y":0,"curve":"stepped"},{"time":5.3333,"x":0,"y":0}],"scale":[{"time":0,"x":1,"y":1,"curve":"stepped"},{"time":5.3333,"x":1,"y":1}]}}}}}