{"skeleton":{"hash":"wjWfM7enR7tuQpTCGaS3OmNmwlE","spine":"3.5.46","width":1165.75,"height":1098.89,"images":"./images/"},"bones":[{"name":"root"},{"name":"BONE_BODY","parent":"root","length":136.02,"rotation":90,"x":0.62,"y":44.83},{"name":"BONE_HEAD","parent":"BONE_BODY","length":157.72,"x":183.77,"y":1.45},{"name":"BONE_LEFT_ARM","parent":"BONE_BODY","length":213.3,"rotation":73.04,"x":121.55,"y":173.64},{"name":"BONE_LEFT_EAR","parent":"BONE_HEAD","length":157.78,"rotation":137.97,"x":409.5,"y":163.51},{"name":"BONE_LEFT_FOOT","parent":"BONE_BODY","length":134.04,"rotation":134.56,"x":-172.19,"y":73.8},{"name":"BONE_LEFT_HAND","parent":"BONE_LEFT_ARM","length":77.4,"rotation":-3.85,"x":242.98,"y":-3.05},{"name":"BONE_LEFT_IRIS","parent":"BONE_HEAD","x":299.53,"y":102.74},{"name":"BONE_RIGHT_ARM","parent":"BONE_BODY","length":244.13,"rotation":-61.31,"x":118.65,"y":-204.03},{"name":"BONE_RIGHT_EAR","parent":"BONE_HEAD","length":121.01,"rotation":-138.88,"x":419.63,"y":-176.53},{"name":"BONE_RIGHT_FOOT","parent":"BONE_BODY","length":131.99,"rotation":-127.87,"x":-169.3,"y":-108.53},{"name":"BONE_RIGHT_HAND","parent":"BONE_RIGHT_ARM","length":95.13,"rotation":-2.52,"x":262.5,"y":6.44},{"name":"BONE_RIGHT_IRIS","parent":"BONE_HEAD","x":303.87,"y":-111.42}],"slots":[{"name":"right_foot","bone":"BONE_RIGHT_FOOT","attachment":"right_foot"},{"name":"left_foot","bone":"BONE_LEFT_FOOT","attachment":"left_foot"},{"name":"left_hand","bone":"BONE_LEFT_HAND","attachment":"left_hand"},{"name":"left_arm","bone":"BONE_LEFT_ARM","attachment":"left_arm"},{"name":"right_hand","bone":"BONE_RIGHT_HAND","attachment":"right_hand"},{"name":"right_arm","bone":"BONE_RIGHT_ARM","attachment":"right_arm"},{"name":"body","bone":"BONE_BODY","attachment":"body"},{"name":"left_ear","bone":"BONE_LEFT_EAR","attachment":"left_ear"},{"name":"right_ear","bone":"BONE_RIGHT_EAR","attachment":"right_ear"},{"name":"head","bone":"BONE_HEAD","attachment":"head"},{"name":"iris","bone":"BONE_LEFT_IRIS","attachment":"iris"},{"name":"iris2","bone":"BONE_RIGHT_IRIS","attachment":"iris"},{"name":"eyelid_left","bone":"BONE_HEAD","attachment":"eyelid"},{"name":"eyelid","bone":"BONE_HEAD","attachment":"eyelid"}],"skins":{"default":{"body":{"body":{"x":22.17,"y":-16.38,"rotation":-90,"width":626,"height":627}},"eyelid":{"eyelid":{"x":324.83,"y":-126.33,"rotation":-90,"width":157,"height":179}},"eyelid_left":{"eyelid":{"x":322.8,"y":109.64,"scaleX":-1,"rotation":-90,"width":157,"height":179}},"head":{"head":{"x":290.85,"y":-21.71,"rotation":-90,"width":596,"height":566}},"iris":{"iris":{"x":4.34,"y":-1.45,"rotation":-90,"width":56,"height":80}},"iris2":{"iris":{"x":4.34,"scaleX":-1,"rotation":-90,"width":56,"height":80}},"left_arm":{"left_arm":{"x":104.72,"y":13.78,"rotation":-163.04,"width":324,"height":240}},"left_ear":{"left_ear":{"x":197.75,"y":59.4,"rotation":132.03,"width":314,"height":491}},"left_foot":{"left_foot":{"x":114.61,"y":-1.17,"rotation":135.44,"width":335,"height":179}},"left_hand":{"left_hand":{"x":81,"y":-9.47,"rotation":-159.19,"width":176,"height":160}},"right_arm":{"right_arm":{"x":140.18,"y":-9.09,"rotation":-28.69,"width":293,"height":271}},"right_ear":{"right_ear":{"x":204.96,"y":-88.66,"rotation":48.88,"width":264,"height":516}},"right_foot":{"right_foot":{"x":105.59,"y":-13.2,"rotation":37.87,"width":339,"height":162}},"right_hand":{"right_hand":{"x":92.51,"y":4.51,"rotation":-26.18,"width":176,"height":162}}}},"animations":{"inside_cheer":{"slots":{"eyelid":{"color":[{"time":0,"color":"ffffff00","curve":"stepped"},{"time":3.5667,"color":"ffffff00"},{"time":3.7,"color":"ffffffff"},{"time":3.8333,"color":"ffffff00","curve":"stepped"},{"time":7.3333,"color":"ffffff00"}]},"eyelid_left":{"color":[{"time":0,"color":"ffffff00","curve":"stepped"},{"time":3.5667,"color":"ffffff00"},{"time":3.7,"color":"ffffffff"},{"time":3.8333,"color":"ffffff00","curve":"stepped"},{"time":7.3333,"color":"ffffff00"}]}},"bones":{"BONE_RIGHT_ARM":{"rotate":[{"time":0,"angle":-83.78},{"time":0.2333,"angle":17.65},{"time":0.4667,"angle":-78.85},{"time":0.7,"angle":17.65},{"time":0.9333,"angle":-78.09},{"time":1.1667,"angle":17.65},{"time":1.4,"angle":-66.4},{"time":1.6333,"angle":4.01},{"time":1.8667,"angle":-81.1},{"time":7.3333,"angle":-83.78}],"translate":[{"time":0,"x":64.93,"y":63.07,"curve":"stepped"},{"time":7.3333,"x":64.93,"y":63.07}],"scale":[{"time":0,"x":1,"y":1,"curve":"stepped"},{"time":7.3333,"x":1,"y":1}]},"BONE_LEFT_ARM":{"rotate":[{"time":0,"angle":75.83},{"time":0.2333,"angle":-20.8},{"time":0.4667,"angle":73.39},{"time":0.7,"angle":-33.88},{"time":0.9333,"angle":73.39},{"time":1.1667,"angle":-25.78},{"time":1.4,"angle":57.32},{"time":1.6333,"angle":-42.98},{"time":1.8667,"angle":61.55},{"time":2.3333,"angle":77.41},{"time":4.6333,"angle":76.64},{"time":7.3333,"angle":75.83}],"translate":[{"time":0,"x":14.84,"y":-11.13,"curve":"stepped"},{"time":7.3333,"x":14.84,"y":-11.13}],"scale":[{"time":0,"x":1,"y":1,"curve":"stepped"},{"time":7.3333,"x":1,"y":1}]},"BONE_LEFT_HAND":{"rotate":[{"time":0,"angle":-3.99},{"time":0.2333,"angle":-15.28},{"time":0.3333,"angle":-20.12},{"time":0.4667,"angle":34.12},{"time":0.7,"angle":-33.89},{"time":0.9333,"angle":-6.49},{"time":1.1667,"angle":-15.28},{"time":1.4,"angle":24.1},{"time":1.6333,"angle":9.48},{"time":1.8667,"angle":-18.2},{"time":4.6333,"angle":17.69},{"time":7.3333,"angle":-3.99}],"translate":[{"time":0,"x":0,"y":0,"curve":"stepped"},{"time":7.3333,"x":0,"y":0}],"scale":[{"time":0,"x":1,"y":1,"curve":"stepped"},{"time":7.3333,"x":1,"y":1}]},"BONE_RIGHT_HAND":{"rotate":[{"time":0,"angle":-8.46},{"time":0.2333,"angle":21.62},{"time":0.3333,"angle":13.05},{"time":0.4667,"angle":-17.52},{"time":0.7,"angle":25.43},{"time":0.9333,"angle":5.24},{"time":1.1667,"angle":-1.24},{"time":1.4,"angle":-14},{"time":1.6333,"angle":6.6},{"time":1.8667,"angle":-14},{"time":4.6333,"angle":-20.52},{"time":7.3333,"angle":-8.46}],"translate":[{"time":0,"x":0,"y":0,"curve":"stepped"},{"time":7.3333,"x":0,"y":0}],"scale":[{"time":0,"x":1,"y":1,"curve":"stepped"},{"time":7.3333,"x":1,"y":1}]},"BONE_RIGHT_FOOT":{"rotate":[{"time":0,"angle":3.78},{"time":0.2333,"angle":-22.14},{"time":0.4667,"angle":7.39},{"time":0.7,"angle":-22.27},{"time":0.9333,"angle":23.61},{"time":1.1667,"angle":9.8},{"time":1.4,"angle":2.76},{"time":1.6333,"angle":-14.49},{"time":1.8667,"angle":1.68},{"time":6.9,"angle":2.79},{"time":7.3333,"angle":3.78}],"translate":[{"time":0,"x":0,"y":0,"curve":"stepped"},{"time":7.3333,"x":0,"y":0}],"scale":[{"time":0,"x":1,"y":1,"curve":"stepped"},{"time":7.3333,"x":1,"y":1}]},"BONE_LEFT_FOOT":{"rotate":[{"time":0,"angle":-5.21},{"time":0.2333,"angle":14.22},{"time":0.4667,"angle":-9.58},{"time":0.7,"angle":18.72},{"time":0.9333,"angle":-19.71},{"time":1.1667,"angle":21.72},{"time":1.4,"angle":-4.86},{"time":1.6333,"angle":19.78},{"time":1.8667,"angle":-3.18},{"time":6.9,"angle":-5.21,"curve":"stepped"},{"time":7.3333,"angle":-5.21}],"translate":[{"time":0,"x":0,"y":0,"curve":"stepped"},{"time":7.3333,"x":0,"y":0}],"scale":[{"time":0,"x":1,"y":1,"curve":"stepped"},{"time":7.3333,"x":1,"y":1}]},"root":{"rotate":[{"time":0,"angle":0,"curve":"stepped"},{"time":7.3333,"angle":0}],"translate":[{"time":0,"x":0,"y":0,"curve":"stepped"},{"time":7.3333,"x":0,"y":0}],"scale":[{"time":0,"x":1,"y":1,"curve":"stepped"},{"time":7.3333,"x":1,"y":1}]},"BONE_BODY":{"rotate":[{"time":0,"angle":1.04},{"time":0.2333,"angle":-2.11},{"time":0.4667,"angle":-2.77},{"time":0.7,"angle":-1.06},{"time":0.9333,"angle":-0.22},{"time":1.1667,"angle":-1.67},{"time":1.4,"angle":-0.85},{"time":1.6333,"angle":-1.54},{"time":1.8667,"angle":0.33},{"time":7.3333,"angle":1.04}],"translate":[{"time":0,"x":-6.03,"y":2.01},{"time":0.2333,"x":-6.03,"y":47.66},{"time":0.4667,"x":-6.03,"y":2.01},{"time":0.7,"x":-6.03,"y":47.66},{"time":0.9333,"x":-6.03,"y":2.01},{"time":1.1667,"x":-6.03,"y":47.66},{"time":1.4,"x":-6.03,"y":2.01},{"time":1.6333,"x":-6.03,"y":47.66},{"time":1.8667,"x":-6.03,"y":2.01,"curve":"stepped"},{"time":6.9,"x":-6.03,"y":2.01,"curve":"stepped"},{"time":7.3333,"x":-6.03,"y":2.01}],"scale":[{"time":0,"x":1,"y":1,"curve":"stepped"},{"time":7.3333,"x":1,"y":1}]},"BONE_HEAD":{"rotate":[{"time":0,"angle":-3.67},{"time":0.2333,"angle":-13.27},{"time":0.4333,"angle":-4.21},{"time":0.6667,"angle":-9.86},{"time":0.9333,"angle":1.03},{"time":1.2,"angle":8.37},{"time":1.4333,"angle":-3.89},{"time":1.6667,"angle":-2.39},{"time":2,"angle":-3.58},{"time":2.9667,"angle":1.24},{"time":4.3333,"angle":-3.8},{"time":5.0667,"angle":-3.11},{"time":6.2333,"angle":-6.75},{"time":7.3333,"angle":-3.67}],"translate":[{"time":0,"x":0,"y":0,"curve":"stepped"},{"time":7.3333,"x":0,"y":0}],"scale":[{"time":0,"x":1,"y":1,"curve":"stepped"},{"time":7.3333,"x":1,"y":1}]},"BONE_LEFT_IRIS":{"rotate":[{"time":0,"angle":0,"curve":"stepped"},{"time":7.3333,"angle":0}],"translate":[{"time":0,"x":4.22,"y":-11.08,"curve":"stepped"},{"time":7.3333,"x":4.22,"y":-11.08}],"scale":[{"time":0,"x":1,"y":1,"curve":"stepped"},{"time":7.3333,"x":1,"y":1}]},"BONE_RIGHT_IRIS":{"rotate":[{"time":0,"angle":0,"curve":"stepped"},{"time":7.3333,"angle":0}],"translate":[{"time":0,"x":-2.71,"y":-17.95,"curve":"stepped"},{"time":7.3333,"x":-2.71,"y":-17.95}],"scale":[{"time":0,"x":1,"y":1,"curve":"stepped"},{"time":7.3333,"x":1,"y":1}]},"BONE_LEFT_EAR":{"rotate":[{"time":0,"angle":11.07},{"time":0.2333,"angle":0.05},{"time":0.4333,"angle":10.63},{"time":0.6333,"angle":-1.15},{"time":0.7667,"angle":0.34},{"time":0.9,"angle":12},{"time":1.0667,"angle":0.94},{"time":1.2667,"angle":13.16},{"time":1.5,"angle":16.76},{"time":1.6667,"angle":-3.57},{"time":1.8667,"angle":9.62},{"time":2.8333,"angle":2.01},{"time":7.3333,"angle":11.07}],"translate":[{"time":0,"x":0,"y":0,"curve":"stepped"},{"time":7.3333,"x":0,"y":0}],"scale":[{"time":0,"x":1,"y":1,"curve":"stepped"},{"time":7.3333,"x":1,"y":1}]},"BONE_RIGHT_EAR":{"rotate":[{"time":0,"angle":-4.8},{"time":0.2333,"angle":1.48},{"time":0.4333,"angle":-5.69},{"time":0.6333,"angle":4.55},{"time":0.7667,"angle":2.42},{"time":0.9,"angle":-8.29},{"time":1.0667,"angle":3.33},{"time":1.2667,"angle":-4.65},{"time":1.5,"angle":-11.45},{"time":1.6667,"angle":5.2},{"time":1.8667,"angle":-4.98},{"time":2.5,"angle":-2.37},{"time":7.3333,"angle":-4.8}],"translate":[{"time":0,"x":0,"y":0,"curve":"stepped"},{"time":7.3333,"x":0,"y":0}],"scale":[{"time":0,"x":1,"y":1,"curve":"stepped"},{"time":7.3333,"x":1,"y":1}]}}},"inside_idle":{"slots":{"eyelid":{"color":[{"time":0,"color":"ffffff00","curve":"stepped"},{"time":1.8667,"color":"ffffff00"},{"time":2,"color":"ffffffff"},{"time":2.1333,"color":"ffffff00","curve":"stepped"},{"time":4.8333,"color":"ffffff00"},{"time":4.9667,"color":"ffffffff"},{"time":5.1,"color":"ffffff00","curve":"stepped"},{"time":7.3333,"color":"ffffff00"}]},"eyelid_left":{"color":[{"time":0,"color":"ffffff00","curve":"stepped"},{"time":1.8667,"color":"ffffff00"},{"time":2,"color":"ffffffff"},{"time":2.1333,"color":"ffffff00","curve":"stepped"},{"time":4.8333,"color":"ffffff00"},{"time":4.9667,"color":"ffffffff"},{"time":5.1,"color":"ffffff00","curve":"stepped"},{"time":7.3333,"color":"ffffff00"}]}},"bones":{"BONE_RIGHT_ARM":{"rotate":[{"time":0,"angle":-83.78,"curve":"stepped"},{"time":7.3333,"angle":-83.78}],"translate":[{"time":0,"x":64.93,"y":63.07,"curve":"stepped"},{"time":7.3333,"x":64.93,"y":63.07}],"scale":[{"time":0,"x":1,"y":1,"curve":"stepped"},{"time":7.3333,"x":1,"y":1}]},"BONE_LEFT_ARM":{"rotate":[{"time":0,"angle":75.83},{"time":1.2,"angle":79.68},{"time":2.3,"angle":76.15},{"time":5.1,"angle":78.21},{"time":7.3333,"angle":75.83}],"translate":[{"time":0,"x":14.84,"y":-11.13,"curve":"stepped"},{"time":7.3333,"x":14.84,"y":-11.13}],"scale":[{"time":0,"x":1,"y":1,"curve":"stepped"},{"time":7.3333,"x":1,"y":1}]},"BONE_LEFT_HAND":{"rotate":[{"time":0,"angle":-3.99},{"time":1.2,"angle":2.88},{"time":7.3333,"angle":-3.99}],"translate":[{"time":0,"x":0,"y":0,"curve":"stepped"},{"time":7.3333,"x":0,"y":0}],"scale":[{"time":0,"x":1,"y":1,"curve":"stepped"},{"time":7.3333,"x":1,"y":1}]},"BONE_RIGHT_HAND":{"rotate":[{"time":0,"angle":-8.46,"curve":"stepped"},{"time":7.3333,"angle":-8.46}],"translate":[{"time":0,"x":0,"y":0,"curve":"stepped"},{"time":7.3333,"x":0,"y":0}],"scale":[{"time":0,"x":1,"y":1,"curve":"stepped"},{"time":7.3333,"x":1,"y":1}]},"BONE_RIGHT_FOOT":{"rotate":[{"time":0,"angle":3.78},{"time":1.2,"angle":-0.98},{"time":2.3333,"angle":4.75},{"time":3.3667,"angle":0.09},{"time":4.5,"angle":3.41},{"time":5.7667,"angle":-0.91},{"time":6.9,"angle":2.79},{"time":7.3333,"angle":3.78}],"translate":[{"time":0,"x":0,"y":0,"curve":"stepped"},{"time":7.3333,"x":0,"y":0}],"scale":[{"time":0,"x":1,"y":1,"curve":"stepped"},{"time":7.3333,"x":1,"y":1}]},"BONE_LEFT_FOOT":{"rotate":[{"time":0,"angle":-5.21},{"time":1.2,"angle":-3.16},{"time":2.3333,"angle":-7.44},{"time":3.3667,"angle":-4.28},{"time":4.5,"angle":-7.79},{"time":5.7667,"angle":-3.02},{"time":6.9,"angle":-5.21,"curve":"stepped"},{"time":7.3333,"angle":-5.21}],"translate":[{"time":0,"x":0,"y":0,"curve":"stepped"},{"time":7.3333,"x":0,"y":0}],"scale":[{"time":0,"x":1,"y":1,"curve":"stepped"},{"time":7.3333,"x":1,"y":1}]},"root":{"rotate":[{"time":0,"angle":0,"curve":"stepped"},{"time":7.3333,"angle":0}],"translate":[{"time":0,"x":0,"y":0,"curve":"stepped"},{"time":7.3333,"x":0,"y":0}],"scale":[{"time":0,"x":1,"y":1,"curve":"stepped"},{"time":7.3333,"x":1,"y":1}]},"BONE_BODY":{"rotate":[{"time":0,"angle":1.04},{"time":1.2,"angle":0.08},{"time":3.3667,"angle":1.04},{"time":5.7667,"angle":-0.27},{"time":7.3333,"angle":1.04}],"translate":[{"time":0,"x":-6.03,"y":2.01},{"time":1.2,"x":-6.03,"y":16.82},{"time":2.3333,"x":-6.03,"y":2.01},{"time":3.3667,"x":-6.03,"y":16.82},{"time":4.5,"x":-6.03,"y":2.01},{"time":5.7667,"x":-6.03,"y":16.82},{"time":6.9,"x":-6.03,"y":2.01,"curve":"stepped"},{"time":7.3333,"x":-6.03,"y":2.01}],"scale":[{"time":0,"x":1,"y":1,"curve":"stepped"},{"time":7.3333,"x":1,"y":1}]},"BONE_HEAD":{"rotate":[{"time":0,"angle":-3.67},{"time":2.8,"angle":-1.46},{"time":5.2667,"angle":-7.86},{"time":7.3333,"angle":-3.67}],"translate":[{"time":0,"x":0,"y":0,"curve":"stepped"},{"time":7.3333,"x":0,"y":0}],"scale":[{"time":0,"x":1,"y":1,"curve":"stepped"},{"time":7.3333,"x":1,"y":1}]},"BONE_LEFT_IRIS":{"rotate":[{"time":0,"angle":0,"curve":"stepped"},{"time":7.3333,"angle":0}],"translate":[{"time":0,"x":4.22,"y":-11.08,"curve":"stepped"},{"time":2.1,"x":4.22,"y":-11.08},{"time":2.4667,"x":5.57,"y":-0.47,"curve":"stepped"},{"time":4.1333,"x":5.57,"y":-0.47},{"time":4.8333,"x":4.22,"y":-11.08,"curve":"stepped"},{"time":7.3333,"x":4.22,"y":-11.08}],"scale":[{"time":0,"x":1,"y":1,"curve":"stepped"},{"time":7.3333,"x":1,"y":1}]},"BONE_RIGHT_IRIS":{"rotate":[{"time":0,"angle":0,"curve":"stepped"},{"time":7.3333,"angle":0}],"translate":[{"time":0,"x":-2.71,"y":-17.95,"curve":"stepped"},{"time":2.1,"x":-2.71,"y":-17.95},{"time":2.4667,"x":2.13,"y":-5.81,"curve":"stepped"},{"time":4.1333,"x":2.13,"y":-5.81},{"time":4.8333,"x":-2.71,"y":-17.95,"curve":"stepped"},{"time":7.3333,"x":-2.71,"y":-17.95}],"scale":[{"time":0,"x":1,"y":1,"curve":"stepped"},{"time":7.3333,"x":1,"y":1}]},"BONE_LEFT_EAR":{"rotate":[{"time":0,"angle":11.07},{"time":2.6333,"angle":7.25},{"time":4.8667,"angle":12.12},{"time":7.3333,"angle":11.07}],"translate":[{"time":0,"x":0,"y":0,"curve":"stepped"},{"time":7.3333,"x":0,"y":0}],"scale":[{"time":0,"x":1,"y":1,"curve":"stepped"},{"time":7.3333,"x":1,"y":1}]},"BONE_RIGHT_EAR":{"rotate":[{"time":0,"angle":-4.8},{"time":2.6333,"angle":-2.13},{"time":4.8667,"angle":0.35},{"time":7.3333,"angle":-4.8}],"translate":[{"time":0,"x":0,"y":0,"curve":"stepped"},{"time":7.3333,"x":0,"y":0}],"scale":[{"time":0,"x":1,"y":1,"curve":"stepped"},{"time":7.3333,"x":1,"y":1}]}}},"outside_idle":{"slots":{"eyelid":{"color":[{"time":0,"color":"ffffff00","curve":"stepped"},{"time":1.8667,"color":"ffffff00"},{"time":2,"color":"ffffffff"},{"time":2.1333,"color":"ffffff00","curve":"stepped"},{"time":4.8333,"color":"ffffff00"},{"time":4.9667,"color":"ffffffff"},{"time":5.1,"color":"ffffff00","curve":"stepped"},{"time":7.3333,"color":"ffffff00"}]},"eyelid_left":{"color":[{"time":0,"color":"ffffff00","curve":"stepped"},{"time":1.8667,"color":"ffffff00"},{"time":2,"color":"ffffffff"},{"time":2.1333,"color":"ffffff00","curve":"stepped"},{"time":4.8333,"color":"ffffff00"},{"time":4.9667,"color":"ffffffff"},{"time":5.1,"color":"ffffff00","curve":"stepped"},{"time":7.3333,"color":"ffffff00"}]}},"bones":{"BONE_RIGHT_ARM":{"rotate":[{"time":0,"angle":-83.78,"curve":"stepped"},{"time":7.3333,"angle":-83.78}],"translate":[{"time":0,"x":64.93,"y":63.07,"curve":"stepped"},{"time":7.3333,"x":64.93,"y":63.07}],"scale":[{"time":0,"x":1,"y":1,"curve":"stepped"},{"time":7.3333,"x":1,"y":1}]},"BONE_LEFT_ARM":{"rotate":[{"time":0,"angle":75.83},{"time":1.2,"angle":79.68},{"time":2.3,"angle":76.15},{"time":5.1,"angle":78.21},{"time":7.3333,"angle":75.83}],"translate":[{"time":0,"x":14.84,"y":-11.13,"curve":"stepped"},{"time":7.3333,"x":14.84,"y":-11.13}],"scale":[{"time":0,"x":1,"y":1,"curve":"stepped"},{"time":7.3333,"x":1,"y":1}]},"BONE_LEFT_HAND":{"rotate":[{"time":0,"angle":-3.99},{"time":1.2,"angle":2.88},{"time":7.3333,"angle":-3.99}],"translate":[{"time":0,"x":0,"y":0,"curve":"stepped"},{"time":7.3333,"x":0,"y":0}],"scale":[{"time":0,"x":1,"y":1,"curve":"stepped"},{"time":7.3333,"x":1,"y":1}]},"BONE_RIGHT_HAND":{"rotate":[{"time":0,"angle":-8.46,"curve":"stepped"},{"time":7.3333,"angle":-8.46}],"translate":[{"time":0,"x":0,"y":0,"curve":"stepped"},{"time":7.3333,"x":0,"y":0}],"scale":[{"time":0,"x":1,"y":1,"curve":"stepped"},{"time":7.3333,"x":1,"y":1}]},"BONE_RIGHT_FOOT":{"rotate":[{"time":0,"angle":3.78},{"time":1.2,"angle":-0.98},{"time":2.3333,"angle":4.75},{"time":3.3667,"angle":0.09},{"time":4.5,"angle":3.41},{"time":5.7667,"angle":-0.91},{"time":6.9,"angle":2.79},{"time":7.3333,"angle":3.78}],"translate":[{"time":0,"x":0,"y":0,"curve":"stepped"},{"time":7.3333,"x":0,"y":0}],"scale":[{"time":0,"x":1,"y":1,"curve":"stepped"},{"time":7.3333,"x":1,"y":1}]},"BONE_LEFT_FOOT":{"rotate":[{"time":0,"angle":-5.21},{"time":1.2,"angle":-3.16},{"time":2.3333,"angle":-7.44},{"time":3.3667,"angle":-4.28},{"time":4.5,"angle":-7.79},{"time":5.7667,"angle":-3.02},{"time":6.9,"angle":-5.21,"curve":"stepped"},{"time":7.3333,"angle":-5.21}],"translate":[{"time":0,"x":0,"y":0,"curve":"stepped"},{"time":7.3333,"x":0,"y":0}],"scale":[{"time":0,"x":1,"y":1,"curve":"stepped"},{"time":7.3333,"x":1,"y":1}]},"root":{"rotate":[{"time":0,"angle":0,"curve":"stepped"},{"time":7.3333,"angle":0}],"translate":[{"time":0,"x":0,"y":0,"curve":"stepped"},{"time":7.3333,"x":0,"y":0}],"scale":[{"time":0,"x":1,"y":1,"curve":"stepped"},{"time":7.3333,"x":1,"y":1}]},"BONE_BODY":{"rotate":[{"time":0,"angle":1.04},{"time":1.2,"angle":0.08},{"time":3.3667,"angle":1.04},{"time":5.7667,"angle":-0.27},{"time":7.3333,"angle":1.04}],"translate":[{"time":0,"x":-6.03,"y":2.01},{"time":1.2,"x":-6.03,"y":16.82},{"time":2.3333,"x":-6.03,"y":2.01},{"time":3.3667,"x":-6.03,"y":16.82},{"time":4.5,"x":-6.03,"y":2.01},{"time":5.7667,"x":-6.03,"y":16.82},{"time":6.9,"x":-6.03,"y":2.01,"curve":"stepped"},{"time":7.3333,"x":-6.03,"y":2.01}],"scale":[{"time":0,"x":1,"y":1,"curve":"stepped"},{"time":7.3333,"x":1,"y":1}]},"BONE_HEAD":{"rotate":[{"time":0,"angle":-3.67},{"time":2.8,"angle":-1.46},{"time":5.2667,"angle":-7.86},{"time":7.3333,"angle":-3.67}],"translate":[{"time":0,"x":0,"y":0,"curve":"stepped"},{"time":7.3333,"x":0,"y":0}],"scale":[{"time":0,"x":1,"y":1,"curve":"stepped"},{"time":7.3333,"x":1,"y":1}]},"BONE_LEFT_IRIS":{"rotate":[{"time":0,"angle":0,"curve":"stepped"},{"time":7.3333,"angle":0}],"translate":[{"time":0,"x":-2.76,"y":23.51,"curve":"stepped"},{"time":2.1,"x":-2.76,"y":23.51},{"time":2.4667,"x":-1.36,"y":12.77,"curve":"stepped"},{"time":4.1333,"x":-1.36,"y":12.77},{"time":4.8333,"x":-2.76,"y":23.51,"curve":"stepped"},{"time":7.3333,"x":-2.76,"y":23.51}],"scale":[{"time":0,"x":1,"y":1,"curve":"stepped"},{"time":7.3333,"x":1,"y":1}]},"BONE_RIGHT_IRIS":{"rotate":[{"time":0,"angle":0,"curve":"stepped"},{"time":7.3333,"angle":0}],"translate":[{"time":0,"x":-1.19,"y":18.25,"curve":"stepped"},{"time":2.1,"x":-1.19,"y":18.25},{"time":2.4667,"x":0.21,"y":7.51,"curve":"stepped"},{"time":4.1333,"x":0.21,"y":7.51},{"time":4.8333,"x":-1.19,"y":18.25,"curve":"stepped"},{"time":7.3333,"x":-1.19,"y":18.25}],"scale":[{"time":0,"x":1,"y":1,"curve":"stepped"},{"time":7.3333,"x":1,"y":1}]},"BONE_LEFT_EAR":{"rotate":[{"time":0,"angle":11.07},{"time":2.6333,"angle":7.25},{"time":4.8667,"angle":12.12},{"time":7.3333,"angle":11.07}],"translate":[{"time":0,"x":0,"y":0,"curve":"stepped"},{"time":7.3333,"x":0,"y":0}],"scale":[{"time":0,"x":1,"y":1,"curve":"stepped"},{"time":7.3333,"x":1,"y":1}]},"BONE_RIGHT_EAR":{"rotate":[{"time":0,"angle":-4.8},{"time":2.6333,"angle":-2.13},{"time":4.8667,"angle":0.35},{"time":7.3333,"angle":-4.8}],"translate":[{"time":0,"x":0,"y":0,"curve":"stepped"},{"time":7.3333,"x":0,"y":0}],"scale":[{"time":0,"x":1,"y":1,"curve":"stepped"},{"time":7.3333,"x":1,"y":1}]}}},"outside_intro":{"slots":{"eyelid":{"color":[{"time":0,"color":"ffffff00","curve":"stepped"},{"time":1.6667,"color":"ffffff00"},{"time":1.7667,"color":"ffffffff"},{"time":1.8667,"color":"ffffff00","curve":"stepped"},{"time":4,"color":"ffffff00"}]},"eyelid_left":{"color":[{"time":0,"color":"ffffff00","curve":"stepped"},{"time":1.6667,"color":"ffffff00"},{"time":1.7667,"color":"ffffffff"},{"time":1.8667,"color":"ffffff00","curve":"stepped"},{"time":4,"color":"ffffff00"}]}},"bones":{"BONE_RIGHT_ARM":{"rotate":[{"time":0,"angle":-78.35},{"time":0.1333,"angle":-79.11},{"time":0.2667,"angle":-81.5},{"time":0.4,"angle":-83.22},{"time":0.5333,"angle":-87.06},{"time":0.6333,"angle":-83.41},{"time":0.8333,"angle":-85},{"time":0.9333,"angle":-82.87},{"time":1.1,"angle":-86.04},{"time":1.2667,"angle":-81.71},{"time":1.4,"angle":-80.39},{"time":1.5333,"angle":-86.07},{"time":1.8,"angle":-89.38},{"time":1.9333,"angle":-78.28},{"time":2.1667,"angle":-81.89},{"time":2.4,"angle":-83.78},{"time":3.5,"angle":-87.9},{"time":4,"angle":-83.78}],"translate":[{"time":0,"x":64.93,"y":63.07,"curve":"stepped"},{"time":4,"x":64.93,"y":63.07}],"scale":[{"time":0,"x":1,"y":1,"curve":"stepped"},{"time":4,"x":1,"y":1}]},"BONE_LEFT_ARM":{"rotate":[{"time":0,"angle":71.47},{"time":0.1333,"angle":32.56},{"time":0.2667,"angle":-39.69},{"time":0.4,"angle":-8.87},{"time":0.5333,"angle":-32.56},{"time":0.6333,"angle":-0.85},{"time":0.7333,"angle":-32.3},{"time":0.8333,"angle":2.14},{"time":1,"angle":-41.72},{"time":1.1333,"angle":-0.28},{"time":1.2667,"angle":-38.59},{"time":1.4,"angle":0.53},{"time":1.5333,"angle":-36.91},{"time":1.6667,"angle":10.37},{"time":1.8,"angle":-26.81},{"time":1.9333,"angle":14.89},{"time":2.1667,"angle":-31.91},{"time":2.4,"angle":52.58},{"time":2.6333,"angle":75.83},{"time":3.5,"angle":79.75},{"time":4,"angle":75.83}],"translate":[{"time":0,"x":14.84,"y":-11.13,"curve":"stepped"},{"time":4,"x":14.84,"y":-11.13}],"scale":[{"time":0,"x":1,"y":1,"curve":"stepped"},{"time":4,"x":1,"y":1}]},"BONE_LEFT_HAND":{"rotate":[{"time":0,"angle":14.09},{"time":0.2667,"angle":-8.32},{"time":0.4,"angle":16.45},{"time":0.5333,"angle":-5.05},{"time":0.6333,"angle":16.55},{"time":0.7333,"angle":-24.55},{"time":0.8333,"angle":13.87},{"time":1,"angle":-18.46},{"time":1.1333,"angle":12.77},{"time":1.2667,"angle":-15.73},{"time":1.4,"angle":24.42},{"time":1.5333,"angle":-10.02},{"time":1.6667,"angle":15.94},{"time":1.8,"angle":-8.3},{"time":1.9333,"angle":12.37},{"time":2.1667,"angle":-9.06},{"time":2.4,"angle":-3.99,"curve":"stepped"},{"time":4,"angle":-3.99}],"translate":[{"time":0,"x":0,"y":0,"curve":"stepped"},{"time":4,"x":0,"y":0}],"scale":[{"time":0,"x":1,"y":1,"curve":"stepped"},{"time":4,"x":1,"y":1}]},"BONE_RIGHT_HAND":{"rotate":[{"time":0,"angle":-7.31},{"time":0.4,"angle":-13.99},{"time":1.1333,"angle":-10.42},{"time":1.5333,"angle":-14.06},{"time":1.8,"angle":-0.96},{"time":2.4,"angle":-8.46,"curve":"stepped"},{"time":4,"angle":-8.46}],"translate":[{"time":0,"x":0,"y":0,"curve":"stepped"},{"time":4,"x":0,"y":0}],"scale":[{"time":0,"x":1,"y":1,"curve":"stepped"},{"time":4,"x":1,"y":1}]},"BONE_RIGHT_FOOT":{"rotate":[{"time":0,"angle":3.14},{"time":0.1333,"angle":-5.26},{"time":0.4,"angle":2.57},{"time":0.6333,"angle":3.06},{"time":0.8333,"angle":5.71},{"time":1,"angle":5.34},{"time":1.1333,"angle":1.03},{"time":1.4,"angle":-0.38},{"time":1.6667,"angle":3.73},{"time":1.8,"angle":6.86},{"time":2.6333,"angle":3.78,"curve":"stepped"},{"time":4,"angle":3.78}],"translate":[{"time":0,"x":0,"y":0,"curve":"stepped"},{"time":4,"x":0,"y":0}],"scale":[{"time":0,"x":1,"y":1,"curve":"stepped"},{"time":4,"x":1,"y":1}]},"BONE_LEFT_FOOT":{"rotate":[{"time":0,"angle":-2.55},{"time":0.1333,"angle":8.22},{"time":0.2667,"angle":11.47},{"time":0.4,"angle":-3.16},{"time":0.5333,"angle":-10.34},{"time":0.6333,"angle":-8.35},{"time":0.8333,"angle":-3.06},{"time":1,"angle":2.2},{"time":1.1333,"angle":-6.34},{"time":1.2667,"angle":-3.11},{"time":1.4,"angle":-3.73},{"time":1.6667,"angle":-10.62},{"time":1.8,"angle":-7.07},{"time":1.9333,"angle":-3.6},{"time":2.1667,"angle":-1.87},{"time":2.6333,"angle":-5.21,"curve":"stepped"},{"time":4,"angle":-5.21}],"translate":[{"time":0,"x":0,"y":0,"curve":"stepped"},{"time":4,"x":0,"y":0}],"scale":[{"time":0,"x":1,"y":1,"curve":"stepped"},{"time":4,"x":1,"y":1}]},"root":{"rotate":[{"time":0,"angle":0,"curve":"stepped"},{"time":4,"angle":0}],"translate":[{"time":0,"x":0,"y":0,"curve":"stepped"},{"time":4,"x":0,"y":0}],"scale":[{"time":0,"x":1,"y":1,"curve":"stepped"},{"time":4,"x":1,"y":1}]},"BONE_BODY":{"rotate":[{"time":0,"angle":0},{"time":0.1333,"angle":-1.59},{"time":0.2667,"angle":-3.94},{"time":0.4,"angle":-0.71},{"time":0.5333,"angle":-1.45},{"time":0.7333,"angle":-0.85},{"time":0.8333,"angle":-1.45},{"time":1,"angle":-2.05},{"time":1.1333,"angle":-1.3},{"time":1.2667,"angle":-2.78},{"time":1.4,"angle":-1.65},{"time":1.5333,"angle":-3.54},{"time":1.6667,"angle":-0.31},{"time":1.8,"angle":-1.91},{"time":1.9333,"angle":-0.49},{"time":2.6333,"angle":1.04,"curve":"stepped"},{"time":4,"angle":1.04}],"translate":[{"time":0,"x":0,"y":0},{"time":0.1333,"x":-6.03,"y":12.07},{"time":0.2667,"x":-6.03,"y":32.18},{"time":0.4,"x":-6.03,"y":2.01},{"time":3.3667,"x":-6.03,"y":15.28},{"time":4,"x":-6.03,"y":2.01}],"scale":[{"time":0,"x":1,"y":1,"curve":"stepped"},{"time":4,"x":1,"y":1}]},"BONE_HEAD":{"rotate":[{"time":0,"angle":0},{"time":0.1333,"angle":-3.58},{"time":0.2667,"angle":-7.67},{"time":0.4,"angle":-11.6},{"time":0.5333,"angle":-9.57},{"time":0.6333,"angle":-5.68},{"time":0.7333,"angle":-14.07},{"time":0.8333,"angle":-16.16},{"time":1,"angle":-19.49},{"time":1.1333,"angle":-8.67},{"time":1.2667,"angle":-12.53},{"time":1.4,"angle":-14.82},{"time":1.5,"angle":-17.59},{"time":1.6667,"angle":-3.67},{"time":1.8,"angle":-11.44},{"time":1.9333,"angle":-5.82},{"time":2.1667,"angle":-8.65},{"time":2.5333,"angle":-5.86},{"time":2.7,"angle":-3.67},{"time":3.5,"angle":-1.89},{"time":4,"angle":-3.67}],"translate":[{"time":0,"x":0,"y":0,"curve":"stepped"},{"time":4,"x":0,"y":0}],"scale":[{"time":0,"x":1,"y":1,"curve":"stepped"},{"time":4,"x":1,"y":1}]},"BONE_LEFT_IRIS":{"rotate":[{"time":0,"angle":0,"curve":"stepped"},{"time":4,"angle":0}],"translate":[{"time":0,"x":0,"y":0},{"time":0.0667,"x":3.03,"y":25.09},{"time":0.8,"x":-2.76,"y":23.51,"curve":"stepped"},{"time":4,"x":-2.76,"y":23.51}],"scale":[{"time":0,"x":1,"y":1,"curve":"stepped"},{"time":4,"x":1,"y":1}]},"BONE_RIGHT_IRIS":{"rotate":[{"time":0,"angle":0,"curve":"stepped"},{"time":4,"angle":0}],"translate":[{"time":0,"x":0,"y":0},{"time":0.0667,"x":1.93,"y":20.29},{"time":0.8,"x":-1.19,"y":18.25,"curve":"stepped"},{"time":4,"x":-1.19,"y":18.25}],"scale":[{"time":0,"x":1,"y":1,"curve":"stepped"},{"time":4,"x":1,"y":1}]},"BONE_LEFT_EAR":{"rotate":[{"time":0,"angle":0},{"time":0.1333,"angle":3.61},{"time":0.2667,"angle":8.26},{"time":0.4,"angle":10.17},{"time":0.5333,"angle":7.75},{"time":0.6667,"angle":0.9},{"time":0.7667,"angle":8.84},{"time":0.9,"angle":10.72},{"time":1.0333,"angle":16.11},{"time":1.1333,"angle":2.44},{"time":1.2667,"angle":9.92},{"time":1.5,"angle":11.86},{"time":1.6,"angle":4.69},{"time":1.7,"angle":-1.55},{"time":1.8333,"angle":11.39},{"time":2.0333,"angle":8.79},{"time":2.2,"angle":11.07,"curve":"stepped"},{"time":4,"angle":11.07}],"translate":[{"time":0,"x":0,"y":0,"curve":"stepped"},{"time":4,"x":0,"y":0}],"scale":[{"time":0,"x":1,"y":1,"curve":"stepped"},{"time":4,"x":1,"y":1}]},"BONE_RIGHT_EAR":{"rotate":[{"time":0,"angle":0},{"time":0.1333,"angle":-6.31},{"time":0.2667,"angle":-0.28},{"time":0.4,"angle":5.15},{"time":0.5333,"angle":0.14},{"time":0.6667,"angle":-3.4},{"time":0.7667,"angle":2.27},{"time":0.9,"angle":5.58},{"time":1.0333,"angle":2.91},{"time":1.1333,"angle":-3.62},{"time":1.2667,"angle":0.86},{"time":1.5,"angle":10.38},{"time":1.6,"angle":4.34},{"time":1.7,"angle":-5.81},{"time":1.8333,"angle":1.97},{"time":1.9667,"angle":-4.41},{"time":2.2,"angle":-1.91},{"time":2.3333,"angle":-4.8,"curve":"stepped"},{"time":4,"angle":-4.8}],"translate":[{"time":0,"x":0,"y":0,"curve":"stepped"},{"time":4,"x":0,"y":0}],"scale":[{"time":0,"x":1,"y":1,"curve":"stepped"},{"time":4,"x":1,"y":1}]}}}}}