{"skeleton":{"hash":"wzxBF/FIHs3Hj/7y5ZzpcQBNOvg","spine":"3.5.46","width":330.47,"height":513.49,"images":"./images/"},"bones":[{"name":"root"},{"name":"BONE_BODY","parent":"root","length":76.17,"rotation":103.59,"x":24.94,"y":-50.61},{"name":"BONE_BACK_ARM","parent":"BONE_BODY","length":75.09,"rotation":-132.05,"x":84.76,"y":-64.28},{"name":"BONE_HEAD","parent":"BONE_BODY","length":81.32,"rotation":-25.41,"x":109.33,"y":8.49},{"name":"BONE_BACK_EAR","parent":"BONE_HEAD","length":41.37,"rotation":29.18,"x":165.87,"y":17.7},{"name":"BONE_FRONT_ARM","parent":"BONE_BODY","length":64.86,"rotation":-137.73,"x":65.21,"y":62.32},{"name":"BONE_FRONT_EAR","parent":"BONE_HEAD","length":68.96,"rotation":58.27,"x":110.19,"y":18.65},{"name":"BONE_IRIS","parent":"BONE_HEAD","rotation":29.18,"x":155.67,"y":-60.08}],"slots":[{"name":"arm2","bone":"BONE_BACK_ARM","attachment":"arm"},{"name":"body","bone":"BONE_BODY","attachment":"body"},{"name":"back_ear","bone":"BONE_BACK_EAR","attachment":"back_ear"},{"name":"head_base","bone":"BONE_HEAD","attachment":"head_base"},{"name":"front_ear","bone":"BONE_FRONT_EAR","attachment":"front_ear"},{"name":"arm","bone":"BONE_FRONT_ARM","attachment":"arm"},{"name":"iris","bone":"BONE_IRIS","attachment":"iris"},{"name":"eyelid","bone":"BONE_HEAD"}],"skins":{"default":{"arm":{"arm":{"x":71.27,"y":14.52,"rotation":34.14,"width":173,"height":111}},"arm2":{"arm":{"x":57.04,"y":8.93,"rotation":28.46,"width":173,"height":111}},"back_ear":{"back_ear":{"x":36.78,"y":-2.27,"rotation":-107.35,"width":64,"height":58}},"body":{"body":{"x":36.24,"y":-4.87,"rotation":-103.59,"width":257,"height":414}},"eyelid":{"eyelid":{"x":159.93,"y":-52.76,"rotation":-78.18,"width":69,"height":67}},"front_ear":{"front_ear":{"x":82.59,"y":-0.69,"rotation":-136.45,"width":116,"height":139}},"head_base":{"head_base":{"x":116.26,"y":-27.15,"rotation":-78.18,"width":244,"height":193}},"iris":{"iris":{"x":0.96,"y":-0.23,"rotation":-107.35,"width":24,"height":26}}}},"animations":{"celebrate":{"slots":{"eyelid":{"color":[{"time":0,"color":"ffffff00","curve":"stepped"},{"time":0.9,"color":"ffffff00"},{"time":0.9667,"color":"ffffffff"},{"time":1.1,"color":"ffffff00","curve":"stepped"},{"time":2.9,"color":"ffffff00"},{"time":2.9667,"color":"ffffffff"},{"time":3.1,"color":"ffffff00","curve":"stepped"},{"time":4.2667,"color":"ffffff00"}],"attachment":[{"time":0,"name":"eyelid"},{"time":4.2667,"name":"eyelid"}]}},"bones":{"root":{"rotate":[{"time":0,"angle":0,"curve":"stepped"},{"time":4.2667,"angle":0}],"translate":[{"time":0,"x":0,"y":0,"curve":"stepped"},{"time":4.2667,"x":0,"y":0}],"scale":[{"time":0,"x":1,"y":1,"curve":"stepped"},{"time":4.2667,"x":1,"y":1}]},"BONE_BODY":{"rotate":[{"time":0,"angle":0},{"time":0.2,"angle":-4.52},{"time":2.2667,"angle":-4.89},{"time":4.2667,"angle":0}],"translate":[{"time":0,"x":0,"y":0},{"time":0.2,"x":-2.08,"y":13},{"time":0.3333,"x":0.12,"y":4.06},{"time":0.5,"x":-2.08,"y":13},{"time":0.6333,"x":0.12,"y":4.06},{"time":0.8333,"x":-2.08,"y":13},{"time":0.9667,"x":0.12,"y":4.06},{"time":1.1333,"x":-2.08,"y":13},{"time":1.2667,"x":0.12,"y":4.06},{"time":1.4667,"x":-2.08,"y":13},{"time":1.6,"x":0.12,"y":4.06},{"time":1.8,"x":-2.08,"y":13},{"time":1.9333,"x":0.12,"y":4.06},{"time":4.2667,"x":0,"y":0}],"scale":[{"time":0,"x":1,"y":1,"curve":"stepped"},{"time":4.2667,"x":1,"y":1}]},"BONE_HEAD":{"rotate":[{"time":0,"angle":0},{"time":0.2,"angle":6.57},{"time":0.6333,"angle":1.79},{"time":0.8667,"angle":6.37},{"time":1.2667,"angle":7.56},{"time":1.4667,"angle":4.04},{"time":2.1667,"angle":6.65},{"time":2.9333,"angle":2.74},{"time":4.2667,"angle":0}],"translate":[{"time":0,"x":0,"y":0,"curve":"stepped"},{"time":4.2667,"x":0,"y":0}]},"BONE_FRONT_EAR":{"rotate":[{"time":0,"angle":0},{"time":0.2,"angle":7.17},{"time":0.4333,"angle":-5.23},{"time":0.8667,"angle":4.74},{"time":1.3,"angle":-6.95},{"time":1.7667,"angle":0.78},{"time":2.2667,"angle":5.4},{"time":4.2667,"angle":0}],"translate":[{"time":0,"x":0,"y":0,"curve":"stepped"},{"time":4.2667,"x":0,"y":0}],"scale":[{"time":0,"x":1,"y":1,"curve":"stepped"},{"time":4.2667,"x":1,"y":1}]},"BONE_BACK_EAR":{"rotate":[{"time":0,"angle":0},{"time":0.2,"angle":20.2},{"time":0.4333,"angle":0.56},{"time":0.8667,"angle":15.53},{"time":1.3,"angle":-1.55},{"time":1.7667,"angle":7.25},{"time":2.2667,"angle":11.62},{"time":4.2667,"angle":0}],"translate":[{"time":0,"x":0,"y":0,"curve":"stepped"},{"time":4.2667,"x":0,"y":0}],"scale":[{"time":0,"x":1,"y":1,"curve":"stepped"},{"time":4.2667,"x":1,"y":1}]},"BONE_IRIS":{"rotate":[{"time":0,"angle":0,"curve":"stepped"},{"time":4.2667,"angle":0}],"translate":[{"time":0,"x":0,"y":0,"curve":"stepped"},{"time":4.2667,"x":0,"y":0}],"scale":[{"time":0,"x":1,"y":1,"curve":"stepped"},{"time":4.2667,"x":1,"y":1}]},"BONE_FRONT_ARM":{"rotate":[{"time":0,"angle":0},{"time":0.2,"angle":53.73},{"time":0.4333,"angle":29.97},{"time":0.6667,"angle":55.9},{"time":0.9333,"angle":41.41},{"time":1.1333,"angle":69.29},{"time":1.4,"angle":10.68},{"time":1.7333,"angle":58.78},{"time":1.9333,"angle":25.12},{"time":2.2333,"angle":12.43},{"time":4.2667,"angle":0}],"translate":[{"time":0,"x":0,"y":0,"curve":"stepped"},{"time":4.2667,"x":0,"y":0}],"scale":[{"time":0,"x":1,"y":1,"curve":"stepped"},{"time":4.2667,"x":1,"y":1}]},"BONE_BACK_ARM":{"rotate":[{"time":0,"angle":0},{"time":0.2,"angle":39.33},{"time":0.4333,"angle":26.69},{"time":0.6667,"angle":46.66},{"time":0.9333,"angle":25.26},{"time":1.1333,"angle":51.78},{"time":1.4,"angle":25.57},{"time":1.7333,"angle":0.2},{"time":2.2333,"angle":-3.64},{"time":4.2667,"angle":0}],"translate":[{"time":0,"x":0,"y":0,"curve":"stepped"},{"time":4.2667,"x":0,"y":0}],"scale":[{"time":0,"x":1,"y":1,"curve":"stepped"},{"time":4.2667,"x":1,"y":1}]}}},"idle":{"slots":{"eyelid":{"color":[{"time":0,"color":"ffffff00","curve":"stepped"},{"time":2.4667,"color":"ffffff00"},{"time":2.5333,"color":"ffffffff"},{"time":2.6667,"color":"ffffff00","curve":"stepped"},{"time":5.0667,"color":"ffffff00"},{"time":5.1333,"color":"ffffffff"},{"time":5.2667,"color":"ffffff00","curve":"stepped"},{"time":6.7,"color":"ffffff00"}],"attachment":[{"time":0,"name":"eyelid"},{"time":6.7,"name":"eyelid"}]}},"bones":{"root":{"rotate":[{"time":0,"angle":0,"curve":"stepped"},{"time":3.3333,"angle":0,"curve":"stepped"},{"time":6.7,"angle":0}],"translate":[{"time":0,"x":0,"y":0},{"time":1.6667,"x":0,"y":3.38},{"time":3.3333,"x":0,"y":0},{"time":5.0333,"x":0,"y":3.38},{"time":6.7,"x":0,"y":0}],"scale":[{"time":0,"x":1,"y":1,"curve":"stepped"},{"time":3.3333,"x":1,"y":1,"curve":"stepped"},{"time":6.7,"x":1,"y":1}]},"BONE_BODY":{"rotate":[{"time":0,"angle":0},{"time":1.6667,"angle":-0.41},{"time":3.3333,"angle":0},{"time":5.0333,"angle":-0.41},{"time":6.7,"angle":0}],"translate":[{"time":0,"x":0,"y":0,"curve":"stepped"},{"time":3.3333,"x":0,"y":0,"curve":"stepped"},{"time":6.7,"x":0,"y":0}],"scale":[{"time":0,"x":1,"y":1,"curve":"stepped"},{"time":3.3333,"x":1,"y":1,"curve":"stepped"},{"time":6.7,"x":1,"y":1}]},"BONE_HEAD":{"rotate":[{"time":0,"angle":0},{"time":0.6,"angle":-3.17},{"time":2.1667,"angle":-0.21},{"time":3.6667,"angle":2.25},{"time":6,"angle":2.57},{"time":6.7,"angle":0}],"translate":[{"time":0,"x":0,"y":0,"curve":"stepped"},{"time":6.7,"x":0,"y":0}]},"BONE_FRONT_EAR":{"rotate":[{"time":0,"angle":0},{"time":1.1333,"angle":1.8},{"time":1.6,"angle":9.01},{"time":3.3,"angle":-2.98},{"time":4.4667,"angle":-2.78},{"time":5.8,"angle":-5.58},{"time":6.7,"angle":0}],"translate":[{"time":0,"x":0,"y":0,"curve":"stepped"},{"time":6.7,"x":0,"y":0}],"scale":[{"time":0,"x":1,"y":1,"curve":"stepped"},{"time":6.7,"x":1,"y":1}]},"BONE_BACK_EAR":{"rotate":[{"time":0,"angle":0},{"time":1.4333,"angle":12.44},{"time":1.6,"angle":12.6},{"time":4.4667,"angle":-8.31},{"time":6.7,"angle":0}],"translate":[{"time":0,"x":0,"y":0,"curve":"stepped"},{"time":6.7,"x":0,"y":0}],"scale":[{"time":0,"x":1,"y":1,"curve":"stepped"},{"time":6.7,"x":1,"y":1}]},"BONE_IRIS":{"rotate":[{"time":0,"angle":0,"curve":"stepped"},{"time":6.7,"angle":0}],"translate":[{"time":0,"x":0,"y":0},{"time":0.8,"x":0.67,"y":-2.55},{"time":1.3333,"x":-3.36,"y":-0.1,"curve":"stepped"},{"time":2.5667,"x":-3.36,"y":-0.1},{"time":3.4,"x":0.32,"y":-2.67},{"time":4.5667,"x":0.58,"y":-3.72},{"time":6.7,"x":0,"y":0}],"scale":[{"time":0,"x":1,"y":1,"curve":"stepped"},{"time":6.7,"x":1,"y":1}]},"BONE_FRONT_ARM":{"rotate":[{"time":0,"angle":0},{"time":1.2333,"angle":-0.78},{"time":1.6,"angle":9.91,"curve":[0.25,0,1,0.2]},{"time":2.3333,"angle":-0.9},{"time":5.7667,"angle":8.14},{"time":6.7,"angle":0}],"translate":[{"time":0,"x":0,"y":0,"curve":"stepped"},{"time":6.7,"x":0,"y":0}],"scale":[{"time":0,"x":1,"y":1,"curve":"stepped"},{"time":6.7,"x":1,"y":1}]},"BONE_BACK_ARM":{"rotate":[{"time":0,"angle":0},{"time":1.0667,"angle":5.29},{"time":2.3333,"angle":-26.59},{"time":4.3,"angle":0},{"time":5.7667,"angle":-3.18},{"time":6.7,"angle":0}],"translate":[{"time":0,"x":0,"y":0,"curve":"stepped"},{"time":4.3,"x":0,"y":0,"curve":"stepped"},{"time":6.7,"x":0,"y":0}],"scale":[{"time":0,"x":1,"y":1,"curve":"stepped"},{"time":4.3,"x":1,"y":1,"curve":"stepped"},{"time":6.7,"x":1,"y":1}]}}}}}