{"skeleton":{"hash":"2riJuS1sntx8MXt68Sdk+ui9h08","spine":"3.5.46","width":426.25,"height":408.61,"images":"./images/"},"bones":[{"name":"root"},{"name":"BONE_BODY","parent":"root","length":15.61,"rotation":93.95,"x":-1.06,"y":21.57},{"name":"BONE_HEAD","parent":"BONE_BODY","length":67.7,"rotation":-5.76,"x":36.3,"y":3.42},{"name":"BONE_LEFT_ARM","parent":"BONE_BODY","length":60.18,"rotation":51.23,"x":30.78,"y":64.54},{"name":"BONE_LEFT_EAR","parent":"BONE_HEAD","length":47.3,"rotation":41.29,"x":106.06,"y":60.85},{"name":"BONE_LEFT_HAND","parent":"BONE_LEFT_ARM","length":31.57,"rotation":-6.73,"x":97.44,"y":-0.9},{"name":"BONE_LEFT_IRIS","parent":"BONE_HEAD","x":121.26,"y":55.96},{"name":"BONE_NOSE","parent":"BONE_HEAD","rotation":5.76,"x":89,"y":22.7},{"name":"BONE_RIGHT_ARM","parent":"BONE_BODY","length":49.47,"rotation":-121.07,"x":22.21,"y":-83.89},{"name":"BONE_RIGHT_EAR","parent":"BONE_HEAD","length":39.67,"rotation":-48.67,"x":107.17,"y":-75.58},{"name":"BONE_RIGHT_HAND","parent":"BONE_RIGHT_ARM","length":28.14,"rotation":-14.78,"x":80.97,"y":-3.78},{"name":"BONE_RIGHT_IRIS","parent":"BONE_HEAD","x":116.65,"y":-18.86}],"slots":[{"name":"left_hand","bone":"BONE_LEFT_HAND","attachment":"left_hand"},{"name":"left_arm","bone":"BONE_LEFT_ARM","attachment":"left_arm"},{"name":"right_hand","bone":"BONE_RIGHT_HAND","attachment":"right_hand"},{"name":"right_arm","bone":"BONE_RIGHT_ARM","attachment":"right_arm"},{"name":"body_base","bone":"BONE_BODY","attachment":"body_base"},{"name":"right_ear","bone":"BONE_RIGHT_EAR","attachment":"right_ear"},{"name":"left_ear","bone":"BONE_LEFT_EAR","attachment":"left_ear"},{"name":"base_head","bone":"BONE_HEAD","attachment":"base_head"},{"name":"iris","bone":"BONE_LEFT_IRIS","attachment":"iris"},{"name":"iris2","bone":"BONE_RIGHT_IRIS","attachment":"iris"},{"name":"mouse_open","bone":"BONE_HEAD","attachment":"mouse_open"},{"name":"nose","bone":"BONE_NOSE","attachment":"nose"},{"name":"eyelids","bone":"BONE_HEAD","attachment":"eyelids"}],"skins":{"default":{"base_head":{"base_head":{"x":98.73,"y":-6.51,"rotation":-88.18,"width":224,"height":191}},"body_base":{"body_base":{"x":-34.89,"y":-6.15,"rotation":-93.95,"width":288,"height":251}},"eyelids":{"eyelids":{"x":125.59,"y":8,"rotation":-88.18,"width":129,"height":61}},"iris":{"iris":{"x":0.44,"y":-1.49,"rotation":-88.18,"width":22,"height":26}},"iris2":{"iris":{"x":1.81,"y":-1.48,"rotation":-88.18,"width":22,"height":26}},"left_arm":{"left_arm":{"x":45.18,"y":13.3,"rotation":-145.18,"width":117,"height":117}},"left_ear":{"left_ear":{"x":44.59,"y":-2.97,"rotation":-129.47,"width":96,"height":137}},"left_hand":{"left_hand":{"x":18.98,"y":3.61,"rotation":-138.45,"width":93,"height":87}},"mouse_open":{"mouse_open":{"type":"mesh","uvs":[0.76865,0.73765,0.35437,1,0.06555,0.68234,0.04627,0.06914,0.85348,0.13136],"triangles":[2,3,4,0,2,4,1,2,0],"vertices":[40.69,-21,24.11,21.58,41.57,52.19,77.06,55.32,76.11,-28.7],"hull":5,"edges":[4,6,0,8,2,4,0,2,6,8],"width":104,"height":58}},"nose":{"nose":{"x":-0.41,"y":-5.4,"rotation":-93.95,"width":79,"height":60}},"right_arm":{"right_arm":{"x":48.85,"y":-1.44,"rotation":27.12,"width":125,"height":81}},"right_ear":{"right_ear":{"x":41.39,"y":-3.7,"rotation":-39.51,"width":95,"height":146}},"right_hand":{"right_hand":{"x":29.95,"y":-2.44,"rotation":41.91,"width":88,"height":73}}}},"animations":{"celebrate":{"slots":{"eyelids":{"color":[{"time":0,"color":"ffffff00","curve":"stepped"},{"time":5.3333,"color":"ffffff00"}]}},"bones":{"root":{"rotate":[{"time":0,"angle":0,"curve":"stepped"},{"time":5.3333,"angle":0}],"translate":[{"time":0,"x":0,"y":0,"curve":"stepped"},{"time":5.3333,"x":0,"y":0}],"scale":[{"time":0,"x":1,"y":1,"curve":"stepped"},{"time":5.3333,"x":1,"y":1}]},"BONE_BODY":{"rotate":[{"time":0,"angle":0},{"time":0.7667,"angle":-4.29},{"time":1.2333,"angle":-2.77},{"time":1.9667,"angle":2.37},{"time":2.5667,"angle":-2.86},{"time":5.3333,"angle":0}],"translate":[{"time":0,"x":0,"y":0,"curve":"stepped"},{"time":5.3333,"x":0,"y":0}],"scale":[{"time":0,"x":1,"y":1,"curve":"stepped"},{"time":5.3333,"x":1,"y":1}]},"BONE_HEAD":{"rotate":[{"time":0,"angle":0},{"time":0.8,"angle":-4.39},{"time":1.5333,"angle":4.98},{"time":2.5,"angle":-1.89},{"time":3.2667,"angle":-5.7},{"time":4.0667,"angle":-0.28},{"time":4.6667,"angle":7.23},{"time":5.3333,"angle":0}],"translate":[{"time":0,"x":0,"y":0,"curve":"stepped"},{"time":5.3333,"x":0,"y":0}],"scale":[{"time":0,"x":1,"y":1,"curve":"stepped"},{"time":5.3333,"x":1,"y":1}]},"BONE_LEFT_ARM":{"rotate":[{"time":0,"angle":82.94},{"time":0.3333,"angle":-9.97},{"time":0.4333,"angle":-13.93},{"time":0.6667,"angle":-3.72},{"time":1.0333,"angle":43.62},{"time":1.4333,"angle":-11.23},{"time":1.8667,"angle":56.01},{"time":2.2667,"angle":22.26},{"time":2.7,"angle":1.01},{"time":3.2,"angle":61.17},{"time":3.6667,"angle":-8.92},{"time":4.1,"angle":28.37},{"time":5.3333,"angle":82.94}],"translate":[{"time":0,"x":0,"y":0,"curve":"stepped"},{"time":5.3333,"x":0,"y":0}],"scale":[{"time":0,"x":1,"y":1,"curve":"stepped"},{"time":5.3333,"x":1,"y":1}]},"BONE_LEFT_HAND":{"rotate":[{"time":0,"angle":0},{"time":0.3333,"angle":-9.59,"curve":[0.25,0,0,0.83]},{"time":0.6667,"angle":-19.81},{"time":0.9667,"angle":7.16},{"time":1.4333,"angle":-19.97,"curve":[0.25,0,0.118,0.86]},{"time":2.2667,"angle":8.17},{"time":4.0333,"angle":-12.6},{"time":4.1,"angle":12.13},{"time":5.3333,"angle":0}],"translate":[{"time":0,"x":0,"y":0,"curve":"stepped"},{"time":5.3333,"x":0,"y":0}],"scale":[{"time":0,"x":1,"y":1,"curve":"stepped"},{"time":5.3333,"x":1,"y":1}]},"BONE_RIGHT_ARM":{"rotate":[{"time":0,"angle":-15.16},{"time":0.3333,"angle":-6.31},{"time":1.2333,"angle":-16.31},{"time":1.8667,"angle":11.36},{"time":2.3333,"angle":-11.68},{"time":4.0333,"angle":-8.03},{"time":4.6667,"angle":-23.28},{"time":5.3333,"angle":-15.16}],"translate":[{"time":0,"x":0,"y":0,"curve":"stepped"},{"time":5.3333,"x":0,"y":0}],"scale":[{"time":0,"x":1,"y":1,"curve":"stepped"},{"time":5.3333,"x":1,"y":1}]},"BONE_RIGHT_HAND":{"rotate":[{"time":0,"angle":0},{"time":0.3333,"angle":0.67},{"time":0.7667,"angle":1.99},{"time":1.1333,"angle":-2.98},{"time":1.9333,"angle":0.9},{"time":2.3333,"angle":-4.26},{"time":4.6667,"angle":-10.42},{"time":5.3333,"angle":0}],"translate":[{"time":0,"x":0,"y":0,"curve":"stepped"},{"time":5.3333,"x":0,"y":0}],"scale":[{"time":0,"x":1,"y":1,"curve":"stepped"},{"time":5.3333,"x":1,"y":1}]},"BONE_NOSE":{"rotate":[{"time":0,"angle":0,"curve":"stepped"},{"time":5.3333,"angle":0}],"translate":[{"time":0,"x":0,"y":0},{"time":0.8333,"x":1.24,"y":-0.19},{"time":1.4333,"x":5.18,"y":-0.62},{"time":2.4667,"x":2.63,"y":1.12},{"time":3.2667,"x":4.82,"y":2.33},{"time":5.3333,"x":0,"y":0}],"scale":[{"time":0,"x":1,"y":1,"curve":"stepped"},{"time":5.3333,"x":1,"y":1}]},"BONE_LEFT_EAR":{"rotate":[{"time":0,"angle":0},{"time":0.3333,"angle":-8.99},{"time":1.4,"angle":-7.41},{"time":2.4667,"angle":0.16},{"time":3.4,"angle":-5.15},{"time":4.0667,"angle":2.16},{"time":4.6667,"angle":5.6},{"time":5.3333,"angle":0}],"translate":[{"time":0,"x":0,"y":0,"curve":"stepped"},{"time":5.3333,"x":0,"y":0}],"scale":[{"time":0,"x":1,"y":1,"curve":"stepped"},{"time":5.3333,"x":1,"y":1}]},"BONE_RIGHT_EAR":{"rotate":[{"time":0,"angle":0},{"time":0.3333,"angle":6.62},{"time":1.4,"angle":11.64},{"time":2.4667,"angle":2.97},{"time":3.4,"angle":11.37},{"time":4.0667,"angle":-4.76},{"time":4.6667,"angle":-14.37},{"time":5.3333,"angle":0}],"translate":[{"time":0,"x":0,"y":0,"curve":"stepped"},{"time":5.3333,"x":0,"y":0}],"scale":[{"time":0,"x":1,"y":1,"curve":"stepped"},{"time":5.3333,"x":1,"y":1}]},"BONE_LEFT_IRIS":{"rotate":[{"time":0,"angle":0,"curve":"stepped"},{"time":5.3333,"angle":0}],"translate":[{"time":0,"x":0,"y":0},{"time":0.5,"x":0.05,"y":-0.39},{"time":1.0333,"x":-1.84,"y":2.17},{"time":2.4667,"x":-1.88,"y":2.56},{"time":2.6667,"x":-0.14,"y":-1.59},{"time":5.3333,"x":0,"y":0}],"scale":[{"time":0,"x":1,"y":1,"curve":"stepped"},{"time":5.3333,"x":1,"y":1}]},"BONE_RIGHT_IRIS":{"rotate":[{"time":0,"angle":0,"curve":"stepped"},{"time":5.3333,"angle":0}],"translate":[{"time":0,"x":0,"y":0},{"time":0.5,"x":-0.05,"y":0.39},{"time":1.0333,"x":-1.87,"y":5.75},{"time":2.4667,"x":-1.83,"y":5.35},{"time":2.6667,"x":-0.78,"y":0.31},{"time":5.3333,"x":0,"y":0}],"scale":[{"time":0,"x":1,"y":1,"curve":"stepped"},{"time":5.3333,"x":1,"y":1}]}},"deform":{"default":{"mouse_open":{"mouse_open":[{"time":0,"vertices":[16.16528,3.58477,22.84281,-3.57502,19.51629,-5.21634]},{"time":1.1,"vertices":[16.57188,2.67178,21.80709,-2.72371,19.8308,-5.18561]},{"time":2.1667,"vertices":[7.94203,2.47961,8.7694,-0.89167,10.88447,-3.72367]},{"time":3.0667,"vertices":[16.57188,2.67178,21.80709,-2.72371,19.8308,-5.18561]},{"time":3.9667,"vertices":[7.94203,2.47961,8.7694,-0.89167,10.88447,-3.72367]},{"time":5.3333,"vertices":[16.16528,3.58477,22.84281,-3.57502,19.51629,-5.21634]}]}}}},"idle":{"slots":{"eyelids":{"color":[{"time":0,"color":"ffffff00","curve":"stepped"},{"time":2.0667,"color":"ffffff00"},{"time":2.1667,"color":"ffffffff"},{"time":2.2667,"color":"ffffff00","curve":"stepped"},{"time":5.6,"color":"ffffff00"},{"time":5.7,"color":"ffffffff"},{"time":5.8,"color":"ffffff00","curve":"stepped"},{"time":8.3333,"color":"ffffff00"}]}},"bones":{"BONE_LEFT_ARM":{"rotate":[{"time":0,"angle":72.31},{"time":1.5333,"angle":76.17},{"time":2.8,"angle":83.81},{"time":8.3333,"angle":72.31}],"translate":[{"time":0,"x":0,"y":0,"curve":"stepped"},{"time":8.3333,"x":0,"y":0}],"scale":[{"time":0,"x":1,"y":1,"curve":"stepped"},{"time":8.3333,"x":1,"y":1}]},"BONE_RIGHT_ARM":{"rotate":[{"time":0,"angle":-17.09},{"time":1.5333,"angle":-22.02},{"time":2.8,"angle":-25.64},{"time":8.3333,"angle":-17.09}],"translate":[{"time":0,"x":0,"y":0,"curve":"stepped"},{"time":8.3333,"x":0,"y":0}],"scale":[{"time":0,"x":1,"y":1,"curve":"stepped"},{"time":8.3333,"x":1,"y":1}]},"BONE_HEAD":{"rotate":[{"time":0,"angle":-0.27},{"time":1.5333,"angle":1.79},{"time":8.3333,"angle":-0.27}],"translate":[{"time":0,"x":0,"y":0,"curve":"stepped"},{"time":8.3333,"x":0,"y":0}],"scale":[{"time":0,"x":1,"y":1,"curve":"stepped"},{"time":8.3333,"x":1,"y":1}]},"root":{"translate":[{"time":0,"x":0,"y":0,"curve":"stepped"},{"time":8.3333,"x":0,"y":0}],"scale":[{"time":0,"x":1,"y":1,"curve":"stepped"},{"time":8.3333,"x":1,"y":1}]},"BONE_BODY":{"rotate":[{"time":1.5333,"angle":-0.13},{"time":2.8,"angle":0.08}],"translate":[{"time":0,"x":0,"y":0,"curve":"stepped"},{"time":8.3333,"x":0,"y":0}],"scale":[{"time":0,"x":1,"y":1,"curve":"stepped"},{"time":8.3333,"x":1,"y":1}]},"BONE_LEFT_HAND":{"rotate":[{"time":0,"angle":-1.75},{"time":0.9667,"angle":4.02},{"time":8.3333,"angle":-1.75}],"translate":[{"time":0,"x":0,"y":0,"curve":"stepped"},{"time":8.3333,"x":0,"y":0}],"scale":[{"time":0,"x":1,"y":1,"curve":"stepped"},{"time":8.3333,"x":1,"y":1}]},"BONE_RIGHT_HAND":{"rotate":[{"time":0,"angle":0.6},{"time":0.9667,"angle":-4.1},{"time":8.3333,"angle":0.6}],"translate":[{"time":0,"x":0,"y":0,"curve":"stepped"},{"time":8.3333,"x":0,"y":0}],"scale":[{"time":0,"x":1,"y":1,"curve":"stepped"},{"time":8.3333,"x":1,"y":1}]},"BONE_NOSE":{"translate":[{"time":0,"x":0,"y":0},{"time":0.8333,"x":1.03,"y":0.54},{"time":0.9333,"x":4.13,"y":0.58,"curve":[0.25,0,0,0.99]},{"time":2.1667,"x":1.03,"y":0.54},{"time":8.3333,"x":0,"y":0}],"scale":[{"time":0,"x":1,"y":1,"curve":"stepped"},{"time":8.3333,"x":1,"y":1}]},"BONE_LEFT_EAR":{"rotate":[{"time":0,"angle":-6.23},{"time":2.5667,"angle":-10.62},{"time":4.9667,"angle":-6.23,"curve":"stepped"},{"time":8.3333,"angle":-6.23}],"translate":[{"time":0,"x":0,"y":0,"curve":"stepped"},{"time":8.3333,"x":0,"y":0}],"scale":[{"time":0,"x":1,"y":1,"curve":"stepped"},{"time":8.3333,"x":1,"y":1}]},"BONE_RIGHT_EAR":{"rotate":[{"time":0,"angle":9.82},{"time":2.5667,"angle":14.88},{"time":4.9667,"angle":9.82,"curve":"stepped"},{"time":8.3333,"angle":9.82}],"translate":[{"time":0,"x":0,"y":0,"curve":"stepped"},{"time":8.3333,"x":0,"y":0}],"scale":[{"time":0,"x":1,"y":1,"curve":"stepped"},{"time":8.3333,"x":1,"y":1}]},"BONE_LEFT_IRIS":{"rotate":[{"time":3.3,"angle":0,"curve":"stepped"},{"time":5.3667,"angle":0}],"translate":[{"time":0,"x":0,"y":0,"curve":"stepped"},{"time":3.3,"x":0,"y":0},{"time":3.6667,"x":-2.08,"y":2.88,"curve":"stepped"},{"time":5.0667,"x":-2.08,"y":2.88},{"time":5.3667,"x":0,"y":0,"curve":"stepped"},{"time":8.3333,"x":0,"y":0}],"scale":[{"time":0,"x":1,"y":1,"curve":"stepped"},{"time":3.3,"x":1,"y":1,"curve":"stepped"},{"time":5.3667,"x":1,"y":1,"curve":"stepped"},{"time":8.3333,"x":1,"y":1}]},"BONE_RIGHT_IRIS":{"rotate":[{"time":3.3,"angle":0,"curve":"stepped"},{"time":5.3667,"angle":0}],"translate":[{"time":0,"x":0,"y":0,"curve":"stepped"},{"time":3.3,"x":0,"y":0},{"time":3.6667,"x":-2.1,"y":5.36,"curve":"stepped"},{"time":5.0667,"x":-2.1,"y":5.36},{"time":5.3667,"x":0,"y":0,"curve":"stepped"},{"time":8.3333,"x":0,"y":0}],"scale":[{"time":0,"x":1,"y":1,"curve":"stepped"},{"time":3.3,"x":1,"y":1,"curve":"stepped"},{"time":5.3667,"x":1,"y":1,"curve":"stepped"},{"time":8.3333,"x":1,"y":1}]}},"deform":{"default":{"mouse_open":{"mouse_open":[{"time":0,"vertices":[18.90586,-1.80317,26.03839,0.82676,20.03056,1.03353]},{"time":2.1,"vertices":[18.90586,-1.80317,24.02333,0.76279,20.03056,1.03353]},{"time":5.0667,"vertices":[18.90586,-1.80317,28.6992,0.91123,20.03056,1.03353]},{"time":6.7667,"vertices":[17.46371,-1.55482,22.72769,0.72164,20.03056,1.03353]},{"time":8.3333,"vertices":[18.90586,-1.80317,26.03839,0.82676,20.03056,1.03353]}]}}}},"waving":{"slots":{"eyelids":{"color":[{"time":0,"color":"ffffff00","curve":"stepped"},{"time":3.7667,"color":"ffffff00"}]}},"bones":{"root":{"rotate":[{"time":0,"angle":0,"curve":"stepped"},{"time":3.7667,"angle":0}],"translate":[{"time":0,"x":0,"y":0,"curve":"stepped"},{"time":3.7667,"x":0,"y":0}],"scale":[{"time":0,"x":1,"y":1,"curve":"stepped"},{"time":3.7667,"x":1,"y":1}]},"BONE_BODY":{"rotate":[{"time":0,"angle":0},{"time":0.3333,"angle":0.92},{"time":0.8,"angle":-2.07},{"time":3.7667,"angle":0}],"translate":[{"time":0,"x":0,"y":0,"curve":"stepped"},{"time":3.7667,"x":0,"y":0}],"scale":[{"time":0,"x":1,"y":1,"curve":"stepped"},{"time":3.7667,"x":1,"y":1}]},"BONE_HEAD":{"rotate":[{"time":0,"angle":0},{"time":0.3667,"angle":-1.35},{"time":0.9,"angle":-7.12},{"time":1.5333,"angle":-8.11},{"time":2.5333,"angle":-3.69},{"time":3.7667,"angle":0}],"translate":[{"time":0,"x":0,"y":0,"curve":"stepped"},{"time":3.7667,"x":0,"y":0}],"scale":[{"time":0,"x":1,"y":1,"curve":"stepped"},{"time":3.7667,"x":1,"y":1}]},"BONE_LEFT_ARM":{"rotate":[{"time":0,"angle":75.65},{"time":0.0667,"angle":69.36,"curve":[0.25,0,0.102,0.82]},{"time":0.4667,"angle":-2.91,"curve":[0.293,0,0.629,0.29]},{"time":0.6333,"angle":-6.97,"curve":[0.273,0.1,0.624,0.38]},{"time":1.1333,"angle":-12.47,"curve":[0.452,0.09,1,0.34]},{"time":2.7333,"angle":-2.93},{"time":3.0333,"angle":82.02},{"time":3.7667,"angle":75.65}],"translate":[{"time":0,"x":0,"y":0,"curve":"stepped"},{"time":3.7667,"x":0,"y":0}],"scale":[{"time":0,"x":1,"y":1,"curve":"stepped"},{"time":3.7667,"x":1,"y":1}]},"BONE_LEFT_HAND":{"rotate":[{"time":0,"angle":13.78},{"time":0.1333,"angle":7.81},{"time":0.6333,"angle":8.72,"curve":[0.25,0,0,0.83]},{"time":0.8333,"angle":-8.9},{"time":1.0333,"angle":-20.49},{"time":1.2667,"angle":14.75},{"time":1.4667,"angle":-13},{"time":1.7,"angle":12.95},{"time":1.8667,"angle":-15.03},{"time":2.0667,"angle":7.85},{"time":2.2667,"angle":-16.33},{"time":2.5333,"angle":16.4},{"time":2.7333,"angle":-16.89},{"time":3.0333,"angle":6.23},{"time":3.7667,"angle":13.78}],"translate":[{"time":0,"x":0,"y":0,"curve":"stepped"},{"time":3.7667,"x":0,"y":0}],"scale":[{"time":0,"x":1,"y":1,"curve":"stepped"},{"time":3.7667,"x":1,"y":1}]},"BONE_RIGHT_ARM":{"rotate":[{"time":0,"angle":-19.43},{"time":0.1333,"angle":-20.98},{"time":1.3,"angle":-22.37},{"time":3.7667,"angle":-19.43}],"translate":[{"time":0,"x":0,"y":0,"curve":"stepped"},{"time":3.7667,"x":0,"y":0}],"scale":[{"time":0,"x":1,"y":1,"curve":"stepped"},{"time":3.7667,"x":1,"y":1}]},"BONE_RIGHT_HAND":{"rotate":[{"time":0,"angle":0},{"time":1.3,"angle":-3.82},{"time":3.7667,"angle":0}],"translate":[{"time":0,"x":0,"y":0,"curve":"stepped"},{"time":3.7667,"x":0,"y":0}],"scale":[{"time":0,"x":1,"y":1,"curve":"stepped"},{"time":3.7667,"x":1,"y":1}]},"BONE_NOSE":{"rotate":[{"time":0,"angle":0,"curve":"stepped"},{"time":3.7667,"angle":0}],"translate":[{"time":0,"x":0,"y":0,"curve":"stepped"},{"time":3.7667,"x":0,"y":0}],"scale":[{"time":0,"x":1,"y":1,"curve":"stepped"},{"time":3.7667,"x":1,"y":1}]},"BONE_LEFT_EAR":{"rotate":[{"time":0,"angle":0},{"time":0.3667,"angle":-4.27},{"time":0.6,"angle":-11.42},{"time":1.7333,"angle":-3.1},{"time":2.5667,"angle":-3.74},{"time":3.7667,"angle":0}],"translate":[{"time":0,"x":0,"y":0,"curve":"stepped"},{"time":3.7667,"x":0,"y":0}],"scale":[{"time":0,"x":1,"y":1,"curve":"stepped"},{"time":3.7667,"x":1,"y":1}]},"BONE_RIGHT_EAR":{"rotate":[{"time":0,"angle":0},{"time":0.3667,"angle":6.21},{"time":0.6,"angle":12.88},{"time":1.7333,"angle":2.7},{"time":2.5667,"angle":4.23},{"time":3.7667,"angle":0}],"translate":[{"time":0,"x":0,"y":0,"curve":"stepped"},{"time":3.7667,"x":0,"y":0}],"scale":[{"time":0,"x":1,"y":1,"curve":"stepped"},{"time":3.7667,"x":1,"y":1}]},"BONE_LEFT_IRIS":{"rotate":[{"time":0,"angle":0,"curve":"stepped"},{"time":3.7667,"angle":0}],"translate":[{"time":0,"x":0,"y":0,"curve":"stepped"},{"time":3.7667,"x":0,"y":0}],"scale":[{"time":0,"x":1,"y":1,"curve":"stepped"},{"time":3.7667,"x":1,"y":1}]},"BONE_RIGHT_IRIS":{"rotate":[{"time":0,"angle":0,"curve":"stepped"},{"time":3.7667,"angle":0}],"translate":[{"time":0,"x":0,"y":0,"curve":"stepped"},{"time":3.7667,"x":0,"y":0}],"scale":[{"time":0,"x":1,"y":1,"curve":"stepped"},{"time":3.7667,"x":1,"y":1}]}},"deform":{"default":{"mouse_open":{"mouse_open":[{"time":0,"vertices":[17.27134,3.95198,25.16026,-1.09211,21.21732,-1.21737]},{"time":0.5,"vertices":[17.27134,3.95198,25.93382,-1.4039,21.21732,-1.21737]},{"time":0.6667,"vertices":[8.5794,4.47606,10.77616,-0.46018,10.13913,-2.83818],"curve":"stepped"},{"time":1.2667,"vertices":[8.5794,4.47606,10.77616,-0.46018,10.13913,-2.83818]},{"time":1.9,"vertices":[10.68617,5.53766,12.77514,1.33959,12.87625,-0.93063]},{"time":3.7667,"vertices":[17.27134,3.95198,25.16026,-1.09211,21.21732,-1.21737]}]}}}}}}