{"skeleton":{"hash":"1TBrMiHfHDF4oJnpQ+jg307aT/c","spine":"3.5.46","width":787.08,"height":1607.88,"images":"./images/"},"bones":[{"name":"root","y":27.6},{"name":"BONE_TORSO","parent":"root","length":131.8,"rotation":86.38,"x":-1.06,"y":31.21},{"name":"BONE_BACK_ARM","parent":"BONE_TORSO","length":155.1,"rotation":-146.79,"x":122.69,"y":-172.41},{"name":"BONE_PELVIS","parent":"BONE_TORSO","length":89.51,"rotation":173.98,"x":-152.37,"y":-123.09},{"name":"BONE_BACK_LEG","parent":"BONE_PELVIS","length":189.14,"rotation":-17.6,"x":79.13,"y":80.99},{"name":"BONE_BACK_FOOT","parent":"BONE_BACK_LEG","length":37.42,"rotation":6.39,"x":195.83,"y":1.57},{"name":"BONE_BACK_LOWER_ARM","parent":"BONE_BACK_ARM","length":161.13,"rotation":-6.47,"x":182.28,"y":-3.95},{"name":"BONE_BACK_HAND","parent":"BONE_BACK_LOWER_ARM","length":51.7,"rotation":-8.19,"x":180.81,"y":-4.78},{"name":"BONE_HEAD","parent":"BONE_TORSO","length":189.39,"rotation":-2.94,"x":171.47,"y":5.85},{"name":"BONE_EYEBROWS","parent":"BONE_HEAD","x":245.9,"y":-16.45},{"name":"BONE_FRONT_ARM","parent":"BONE_TORSO","length":177.52,"rotation":160.42,"x":117.14,"y":152.56},{"name":"BONE_FRONT_LEG","parent":"BONE_PELVIS","length":170.46,"rotation":5.28,"x":110.72,"y":-134.88},{"name":"BONE_FRONT_FOOT","parent":"BONE_FRONT_LEG","length":46.74,"rotation":0.27,"x":210.57,"y":-2.32},{"name":"BONE_FRONT_LOWER_ARM","parent":"BONE_FRONT_ARM","length":171.91,"rotation":81.66,"x":198.95,"y":-3.5},{"name":"BONE_FRONT_HAND","parent":"BONE_FRONT_LOWER_ARM","length":56.83,"rotation":-0.29,"x":174.98,"y":1.69},{"name":"BONE_GLASSES","parent":"BONE_HEAD","x":224.57,"y":-17},{"name":"BONE_LEFT_IRIS","parent":"BONE_HEAD","x":208.86,"y":27.7},{"name":"BONE_NOSE","parent":"BONE_HEAD","x":167.86,"y":-44.66},{"name":"BONE_RIGHT_IRIS","parent":"BONE_HEAD","x":222.92,"y":-70.03}],"slots":[{"name":"back_upper_arm","bone":"BONE_BACK_ARM","attachment":"back_upper_arm"},{"name":"back_lower_arm_hand1","bone":"BONE_BACK_HAND","attachment":"back_lower_arm_hand1"},{"name":"back_lower_arm_hand2","bone":"BONE_BACK_HAND","attachment":"back_lower_arm_hand2"},{"name":"back_lower_arm_hand3","bone":"BONE_BACK_HAND","attachment":"back_lower_arm_hand3"},{"name":"back_lower_arm","bone":"BONE_BACK_LOWER_ARM","attachment":"back_lower_arm"},{"name":"back_shoe","bone":"BONE_BACK_FOOT","attachment":"back_shoe"},{"name":"back_lower_leg","bone":"BONE_BACK_LEG","attachment":"back_lower_leg"},{"name":"front_shoe","bone":"BONE_FRONT_FOOT","attachment":"front_shoe"},{"name":"front_lower_leg","bone":"BONE_FRONT_LEG","attachment":"front_lower_leg"},{"name":"pelvis","bone":"BONE_PELVIS","attachment":"pelvis"},{"name":"torso","bone":"BONE_TORSO","attachment":"torso"},{"name":"front_upper_arm","bone":"BONE_FRONT_ARM","attachment":"front_upper_arm"},{"name":"head","bone":"BONE_HEAD","attachment":"head"},{"name":"iris","bone":"BONE_LEFT_IRIS","attachment":"iris"},{"name":"iris2","bone":"BONE_RIGHT_IRIS","attachment":"iris"},{"name":"eyes_closed","bone":"BONE_HEAD","attachment":"eyes_closed"},{"name":"front_arm_hand_1","bone":"BONE_FRONT_HAND","attachment":"front_arm_hand_1"},{"name":"front_arm_hand_2","bone":"BONE_FRONT_HAND","attachment":"front_arm_hand_2"},{"name":"front_arm_hand_3","bone":"BONE_FRONT_HAND","attachment":"front_arm_hand_3"},{"name":"front_lower_arm","bone":"BONE_FRONT_LOWER_ARM","attachment":"front_lower_arm"},{"name":"eyebrows","bone":"BONE_EYEBROWS","attachment":"eyebrows"},{"name":"glasses","bone":"BONE_GLASSES","attachment":"glasses"},{"name":"nose","bone":"BONE_NOSE","attachment":"nose"},{"name":"mouth_normal","bone":"BONE_HEAD","attachment":"mouth_normal"},{"name":"mouth_smile","bone":"BONE_HEAD","attachment":"mouth_smile"},{"name":"mouth_talk_1","bone":"BONE_HEAD","attachment":"mouth_talk_1"},{"name":"mouth_talk_2","bone":"BONE_HEAD","attachment":"mouth_talk_2"},{"name":"mouth_talk_3","bone":"BONE_HEAD","attachment":"mouth_talk_3"},{"name":"mouth_talk_4","bone":"BONE_HEAD","attachment":"mouth_talk_4"},{"name":"mouth_talk_5","bone":"BONE_HEAD","attachment":"mouth_talk_5"}],"skins":{"default":{"back_lower_arm":{"back_lower_arm":{"x":46.29,"y":9.76,"rotation":66.88,"width":182,"height":254}},"back_lower_arm_hand1":{"back_lower_arm_hand1":{"x":27.49,"y":-5.81,"rotation":75.07,"width":124,"height":206}},"back_lower_arm_hand2":{"back_lower_arm_hand2":{"x":32.64,"y":-7.58,"rotation":75.07,"width":164,"height":208}},"back_lower_arm_hand3":{"back_lower_arm_hand3":{"x":33.83,"y":33.92,"rotation":75.07,"width":199,"height":146}},"back_lower_leg":{"back_lower_leg":{"x":57.17,"y":-15.9,"rotation":117.24,"width":292,"height":324}},"back_shoe":{"back_shoe":{"x":36.91,"y":59.8,"rotation":110.85,"width":265,"height":178}},"back_upper_arm":{"back_upper_arm":{"x":106.41,"y":19.54,"rotation":60.41,"width":198,"height":241}},"eyebrows":{"eyebrows":{"x":-1.8,"y":6.26,"rotation":-83.44,"width":210,"height":42}},"eyes_closed":{"eyes_closed":{"x":217.62,"y":-11.75,"rotation":-83.44,"width":229,"height":97}},"front_arm_hand_1":{"front_arm_hand_1":{"x":89,"y":17.21,"rotation":31.83,"width":305,"height":338}},"front_arm_hand_2":{"front_arm_hand_2":{"x":90.82,"y":7.42,"rotation":31.83,"width":246,"height":161}},"front_arm_hand_3":{"front_arm_hand_3":{"x":81.02,"y":-13.49,"rotation":31.83,"width":189,"height":176}},"front_lower_arm":{"front_lower_arm":{"x":80.59,"y":-11.16,"rotation":31.53,"width":299,"height":228}},"front_lower_leg":{"front_lower_leg":{"x":104.41,"y":-5.43,"rotation":94.36,"width":302,"height":245}},"front_shoe":{"front_shoe":{"x":40.17,"y":71.73,"rotation":94.09,"width":324,"height":235}},"front_upper_arm":{"front_upper_arm":{"x":97.93,"y":-22.74,"rotation":113.2,"width":197,"height":306}},"glasses":{"glasses":{"x":-15.13,"y":16.31,"rotation":-83.44,"width":263,"height":70}},"head":{"head":{"x":331.26,"y":34.2,"rotation":-83.44,"width":459,"height":969}},"iris":{"iris":{"x":1.85,"y":1.71,"rotation":-83.44,"width":30,"height":28}},"iris2":{"iris":{"x":0.62,"y":1.61,"rotation":-83.44,"width":30,"height":28}},"mouth_normal":{"mouth_normal":{"x":114.4,"y":-46.83,"rotation":-83.44,"width":187,"height":62}},"mouth_smile":{"mouth_smile":{"x":110.02,"y":-50.51,"rotation":-83.44,"width":187,"height":69}},"mouth_talk_1":{"mouth_talk_1":{"x":93,"y":-49.37,"rotation":-83.44,"width":187,"height":104}},"mouth_talk_2":{"mouth_talk_2":{"x":97.16,"y":-45.88,"rotation":-83.44,"width":187,"height":90}},"mouth_talk_3":{"mouth_talk_3":{"x":105.5,"y":-45.51,"rotation":-83.44,"width":187,"height":77}},"mouth_talk_4":{"mouth_talk_4":{"x":97.33,"y":-49.84,"rotation":-83.44,"width":187,"height":97}},"mouth_talk_5":{"mouth_talk_5":{"x":101.97,"y":-42.19,"rotation":-83.44,"width":187,"height":84}},"nose":{"nose":{"x":7.33,"y":7.81,"rotation":-83.44,"width":131,"height":100}},"pelvis":{"pelvis":{"x":69.84,"y":-45.49,"rotation":99.64,"width":533,"height":232}},"torso":{"torso":{"x":-6.92,"y":-51.92,"rotation":-86.38,"width":588,"height":511}}}},"animations":{"expression_idle_player":{"slots":{"eyes_closed":{"color":[{"time":0,"color":"ffffff00","curve":"stepped"},{"time":3.7,"color":"ffffff00"},{"time":3.7667,"color":"ffffffff","curve":"stepped"},{"time":3.8667,"color":"ffffffff"},{"time":3.9333,"color":"ffffff00","curve":"stepped"},{"time":7.3333,"color":"ffffff00"},{"time":7.4,"color":"ffffffff","curve":"stepped"},{"time":7.5,"color":"ffffffff"},{"time":7.5667,"color":"ffffff00"}]},"mouth_smile":{"color":[{"time":0,"color":"ffffff00"}]},"mouth_talk_1":{"color":[{"time":0,"color":"ffffff00"}]},"mouth_talk_2":{"color":[{"time":0,"color":"ffffff00"}]},"mouth_talk_3":{"color":[{"time":0,"color":"ffffff00"}]},"mouth_talk_4":{"color":[{"time":0,"color":"ffffff00"}]},"mouth_talk_5":{"color":[{"time":0,"color":"ffffff00"}]}},"bones":{"BONE_EYEBROWS":{"rotate":[{"time":0,"angle":0}],"translate":[{"time":0,"x":0,"y":0}],"scale":[{"time":0,"x":1,"y":1}]},"BONE_GLASSES":{"rotate":[{"time":0,"angle":0}],"translate":[{"time":0,"x":0,"y":0}],"scale":[{"time":0,"x":1,"y":1}]},"BONE_LEFT_IRIS":{"rotate":[{"time":0,"angle":0,"curve":"stepped"},{"time":1.2667,"angle":0,"curve":"stepped"},{"time":4.4,"angle":0,"curve":"stepped"},{"time":7.5667,"angle":0}],"translate":[{"time":0,"x":-0.69,"y":6.02},{"time":1.2667,"x":0.93,"y":7.08},{"time":1.6,"x":-2.4,"y":5.73},{"time":3.7,"x":0.28,"y":5.17},{"time":4.4,"x":0.27,"y":5.26},{"time":7.5667,"x":-0.69,"y":6.02}],"scale":[{"time":0,"x":1,"y":1,"curve":"stepped"},{"time":1.2667,"x":1,"y":1,"curve":"stepped"},{"time":4.4,"x":1,"y":1,"curve":"stepped"},{"time":7.5667,"x":1,"y":1}]},"BONE_RIGHT_IRIS":{"rotate":[{"time":0,"angle":0,"curve":"stepped"},{"time":1.2667,"angle":0,"curve":"stepped"},{"time":4.4,"angle":0,"curve":"stepped"},{"time":7.5667,"angle":0}],"translate":[{"time":0,"x":-0.69,"y":6.02},{"time":1.2667,"x":0.93,"y":7.08},{"time":1.6,"x":-2.4,"y":5.73},{"time":3.7,"x":0.28,"y":5.17},{"time":4.4,"x":0.27,"y":5.26},{"time":7.5667,"x":-0.69,"y":6.02}],"scale":[{"time":0,"x":1,"y":1,"curve":"stepped"},{"time":1.2667,"x":1,"y":1,"curve":"stepped"},{"time":4.4,"x":1,"y":1,"curve":"stepped"},{"time":7.5667,"x":1,"y":1}]},"BONE_NOSE":{"rotate":[{"time":0,"angle":0}],"translate":[{"time":0,"x":0,"y":0}],"scale":[{"time":0,"x":1,"y":1}]}}},"expression_normal_idle":{"slots":{"eyes_closed":{"color":[{"time":0,"color":"ffffff00","curve":"stepped"},{"time":3.7,"color":"ffffff00"},{"time":3.7667,"color":"ffffffff","curve":"stepped"},{"time":3.8667,"color":"ffffffff"},{"time":3.9333,"color":"ffffff00","curve":"stepped"},{"time":7.3333,"color":"ffffff00"},{"time":7.4,"color":"ffffffff","curve":"stepped"},{"time":7.5,"color":"ffffffff"},{"time":7.5667,"color":"ffffff00"}]},"mouth_smile":{"color":[{"time":0,"color":"ffffff00"}]},"mouth_talk_1":{"color":[{"time":0,"color":"ffffff00"}]},"mouth_talk_2":{"color":[{"time":0,"color":"ffffff00"}]},"mouth_talk_3":{"color":[{"time":0,"color":"ffffff00"}]},"mouth_talk_4":{"color":[{"time":0,"color":"ffffff00"}]},"mouth_talk_5":{"color":[{"time":0,"color":"ffffff00"}]}},"bones":{"BONE_EYEBROWS":{"rotate":[{"time":0,"angle":0}],"translate":[{"time":0,"x":0,"y":0}],"scale":[{"time":0,"x":1,"y":1}]},"BONE_GLASSES":{"rotate":[{"time":0,"angle":0}],"translate":[{"time":0,"x":0,"y":0}],"scale":[{"time":0,"x":1,"y":1}]},"BONE_LEFT_IRIS":{"rotate":[{"time":0,"angle":0,"curve":"stepped"},{"time":1.2667,"angle":0,"curve":"stepped"},{"time":4.4,"angle":0}],"translate":[{"time":0,"x":0,"y":0,"curve":"stepped"},{"time":1.2667,"x":0,"y":0},{"time":1.6,"x":0.41,"y":-3.53,"curve":"stepped"},{"time":3.7,"x":0.41,"y":-3.53},{"time":4.4,"x":0,"y":0}],"scale":[{"time":0,"x":1,"y":1,"curve":"stepped"},{"time":1.2667,"x":1,"y":1,"curve":"stepped"},{"time":4.4,"x":1,"y":1}]},"BONE_RIGHT_IRIS":{"rotate":[{"time":0,"angle":0,"curve":"stepped"},{"time":1.2667,"angle":0,"curve":"stepped"},{"time":4.4,"angle":0}],"translate":[{"time":0,"x":0,"y":0,"curve":"stepped"},{"time":1.2667,"x":0,"y":0},{"time":1.6,"x":0.41,"y":-3.53,"curve":"stepped"},{"time":3.7,"x":0.41,"y":-3.53},{"time":4.4,"x":0,"y":0}],"scale":[{"time":0,"x":1,"y":1,"curve":"stepped"},{"time":1.2667,"x":1,"y":1,"curve":"stepped"},{"time":4.4,"x":1,"y":1}]},"BONE_NOSE":{"rotate":[{"time":0,"angle":0}],"translate":[{"time":0,"x":0,"y":0}],"scale":[{"time":0,"x":1,"y":1}]}}},"expression_smile_idle":{"slots":{"eyes_closed":{"color":[{"time":0,"color":"ffffff00","curve":"stepped"},{"time":3.7,"color":"ffffff00"},{"time":3.7667,"color":"ffffffff","curve":"stepped"},{"time":3.8667,"color":"ffffffff"},{"time":3.9333,"color":"ffffff00","curve":"stepped"},{"time":7.3333,"color":"ffffff00"},{"time":7.4,"color":"ffffffff","curve":"stepped"},{"time":7.5,"color":"ffffffff"},{"time":7.5667,"color":"ffffff00"}]},"mouth_normal":{"color":[{"time":0,"color":"ffffff00"}]},"mouth_smile":{"color":[{"time":0,"color":"ffffffff"}]},"mouth_talk_1":{"color":[{"time":0,"color":"ffffff00"}]},"mouth_talk_2":{"color":[{"time":0,"color":"ffffff00"}]},"mouth_talk_3":{"color":[{"time":0,"color":"ffffff00"}]},"mouth_talk_4":{"color":[{"time":0,"color":"ffffff00"}]},"mouth_talk_5":{"color":[{"time":0,"color":"ffffff00"}]}},"bones":{"BONE_EYEBROWS":{"rotate":[{"time":0,"angle":2.6}],"translate":[{"time":0,"x":6.85,"y":0}],"scale":[{"time":0,"x":1,"y":1}]},"BONE_GLASSES":{"rotate":[{"time":0,"angle":0}],"translate":[{"time":0,"x":0,"y":0}],"scale":[{"time":0,"x":1,"y":1}]},"BONE_LEFT_IRIS":{"rotate":[{"time":0,"angle":0,"curve":"stepped"},{"time":2.1333,"angle":0,"curve":"stepped"},{"time":5.0333,"angle":0}],"translate":[{"time":0,"x":0,"y":0,"curve":"stepped"},{"time":2.1333,"x":0,"y":0},{"time":2.4333,"x":-0.53,"y":4.58,"curve":"stepped"},{"time":4.5,"x":-0.53,"y":4.58},{"time":5.0333,"x":0,"y":0}],"scale":[{"time":0,"x":1,"y":1,"curve":"stepped"},{"time":2.1333,"x":1,"y":1,"curve":"stepped"},{"time":5.0333,"x":1,"y":1}]},"BONE_RIGHT_IRIS":{"rotate":[{"time":0,"angle":0,"curve":"stepped"},{"time":2.1333,"angle":0,"curve":"stepped"},{"time":5.0333,"angle":0}],"translate":[{"time":0,"x":0,"y":0,"curve":"stepped"},{"time":2.1333,"x":0,"y":0},{"time":2.4333,"x":-0.53,"y":4.58,"curve":"stepped"},{"time":4.5,"x":-0.53,"y":4.58},{"time":5.0333,"x":0,"y":0}],"scale":[{"time":0,"x":1,"y":1,"curve":"stepped"},{"time":2.1333,"x":1,"y":1,"curve":"stepped"},{"time":5.0333,"x":1,"y":1}]},"BONE_NOSE":{"rotate":[{"time":0,"angle":0}],"translate":[{"time":0,"x":0,"y":0}],"scale":[{"time":0,"x":1,"y":1}]}}},"expression_smile_idle_player":{"slots":{"eyes_closed":{"color":[{"time":0,"color":"ffffff00","curve":"stepped"},{"time":3.7,"color":"ffffff00"},{"time":3.7667,"color":"ffffffff","curve":"stepped"},{"time":3.8667,"color":"ffffffff"},{"time":3.9333,"color":"ffffff00","curve":"stepped"},{"time":7.3333,"color":"ffffff00"},{"time":7.4,"color":"ffffffff","curve":"stepped"},{"time":7.5,"color":"ffffffff"},{"time":7.5667,"color":"ffffff00"}]},"mouth_normal":{"color":[{"time":0,"color":"ffffff00"}]},"mouth_smile":{"color":[{"time":0,"color":"ffffffff"}]},"mouth_talk_1":{"color":[{"time":0,"color":"ffffff00"}]},"mouth_talk_2":{"color":[{"time":0,"color":"ffffff00"}]},"mouth_talk_3":{"color":[{"time":0,"color":"ffffff00"}]},"mouth_talk_4":{"color":[{"time":0,"color":"ffffff00"}]},"mouth_talk_5":{"color":[{"time":0,"color":"ffffff00"}]}},"bones":{"BONE_EYEBROWS":{"rotate":[{"time":0,"angle":2.6}],"translate":[{"time":0,"x":6.85,"y":0}],"scale":[{"time":0,"x":1,"y":1}]},"BONE_GLASSES":{"rotate":[{"time":0,"angle":0}],"translate":[{"time":0,"x":0,"y":0}],"scale":[{"time":0,"x":1,"y":1}]},"BONE_LEFT_IRIS":{"rotate":[{"time":0,"angle":0,"curve":"stepped"},{"time":2.1333,"angle":0,"curve":"stepped"},{"time":5.0333,"angle":0,"curve":"stepped"},{"time":7.5667,"angle":0}],"translate":[{"time":0,"x":-0.64,"y":5.54},{"time":2.1333,"x":-0.39,"y":10.37},{"time":2.4333,"x":-0.89,"y":7.74},{"time":4.5,"x":-1.68,"y":7.65},{"time":5.0333,"x":1.83,"y":5.02},{"time":7.5667,"x":-0.64,"y":5.54}],"scale":[{"time":0,"x":1,"y":1,"curve":"stepped"},{"time":2.1333,"x":1,"y":1,"curve":"stepped"},{"time":5.0333,"x":1,"y":1,"curve":"stepped"},{"time":7.5667,"x":1,"y":1}]},"BONE_RIGHT_IRIS":{"rotate":[{"time":0,"angle":0,"curve":"stepped"},{"time":2.1333,"angle":0,"curve":"stepped"},{"time":5.0333,"angle":0,"curve":"stepped"},{"time":7.5667,"angle":0}],"translate":[{"time":0,"x":-0.64,"y":5.54},{"time":2.1333,"x":-0.39,"y":10.37},{"time":2.4333,"x":-0.89,"y":7.74},{"time":4.5,"x":-1.68,"y":7.65},{"time":5.0333,"x":1.83,"y":5.02},{"time":7.5667,"x":-0.64,"y":5.54}],"scale":[{"time":0,"x":1,"y":1,"curve":"stepped"},{"time":2.1333,"x":1,"y":1,"curve":"stepped"},{"time":5.0333,"x":1,"y":1,"curve":"stepped"},{"time":7.5667,"x":1,"y":1}]},"BONE_NOSE":{"rotate":[{"time":0,"angle":0}],"translate":[{"time":0,"x":0,"y":0}],"scale":[{"time":0,"x":1,"y":1}]}}},"expression_talk":{"slots":{"eyes_closed":{"color":[{"time":0,"color":"ffffff00","curve":"stepped"},{"time":7.3333,"color":"ffffff00"},{"time":7.4,"color":"ffffffff","curve":"stepped"},{"time":7.5,"color":"ffffffff"},{"time":7.5667,"color":"ffffff00"}]},"mouth_normal":{"color":[{"time":0,"color":"ffffff00"}]},"mouth_smile":{"color":[{"time":0,"color":"ffffff00"}]},"mouth_talk_1":{"color":[{"time":0,"color":"ffffffff","curve":"stepped"},{"time":0.1,"color":"ffffffff"},{"time":0.2,"color":"ffffff00","curve":"stepped"},{"time":0.4333,"color":"ffffff00","curve":"stepped"},{"time":0.7667,"color":"ffffff00"},{"time":0.8667,"color":"ffffffff","curve":"stepped"},{"time":0.9333,"color":"ffffffff"},{"time":1.0333,"color":"ffffff00","curve":"stepped"},{"time":1.2667,"color":"ffffff00","curve":"stepped"},{"time":1.6,"color":"ffffff00"},{"time":1.7,"color":"ffffffff","curve":"stepped"},{"time":1.8,"color":"ffffffff"},{"time":1.9,"color":"ffffff00","curve":"stepped"},{"time":2.1333,"color":"ffffff00","curve":"stepped"},{"time":2.4667,"color":"ffffff00"},{"time":2.5667,"color":"ffffffff","curve":"stepped"},{"time":2.6333,"color":"ffffffff"},{"time":2.7333,"color":"ffffff00","curve":"stepped"},{"time":2.9667,"color":"ffffff00","curve":"stepped"},{"time":3.3,"color":"ffffff00"},{"time":3.4,"color":"ffffffff","curve":"stepped"},{"time":3.4667,"color":"ffffffff"},{"time":3.5667,"color":"ffffff00","curve":"stepped"},{"time":3.8,"color":"ffffff00","curve":"stepped"},{"time":4.1333,"color":"ffffff00"},{"time":4.2333,"color":"ffffffff","curve":"stepped"},{"time":4.3,"color":"ffffffff"},{"time":4.4,"color":"ffffff00","curve":"stepped"},{"time":4.6333,"color":"ffffff00","curve":"stepped"},{"time":4.9667,"color":"ffffff00"},{"time":5.0667,"color":"ffffffff","curve":"stepped"},{"time":5.1333,"color":"ffffffff"},{"time":5.2333,"color":"ffffff00","curve":"stepped"},{"time":5.4667,"color":"ffffff00","curve":"stepped"},{"time":5.8,"color":"ffffff00"},{"time":5.9,"color":"ffffffff","curve":"stepped"},{"time":5.9667,"color":"ffffffff"},{"time":6.0667,"color":"ffffff00","curve":"stepped"},{"time":6.3,"color":"ffffff00","curve":"stepped"},{"time":6.6333,"color":"ffffff00"},{"time":6.7333,"color":"ffffffff","curve":"stepped"},{"time":6.8,"color":"ffffffff"},{"time":6.9,"color":"ffffff00","curve":"stepped"},{"time":7.1333,"color":"ffffff00","curve":"stepped"},{"time":7.4667,"color":"ffffff00"},{"time":7.5667,"color":"ffffffff","curve":"stepped"},{"time":7.6333,"color":"ffffffff"},{"time":7.7333,"color":"ffffff00","curve":"stepped"},{"time":7.9667,"color":"ffffff00","curve":"stepped"},{"time":8.3,"color":"ffffff00"},{"time":8.4,"color":"ffffffff","curve":"stepped"},{"time":8.4667,"color":"ffffffff"},{"time":8.5667,"color":"ffffff00","curve":"stepped"},{"time":8.8,"color":"ffffff00","curve":"stepped"},{"time":9.1333,"color":"ffffff00"},{"time":9.2333,"color":"ffffffff","curve":"stepped"},{"time":9.3,"color":"ffffffff"},{"time":9.4,"color":"ffffff00","curve":"stepped"},{"time":9.6333,"color":"ffffff00","curve":"stepped"},{"time":9.9667,"color":"ffffff00"},{"time":10.0667,"color":"ffffffff"}]},"mouth_talk_2":{"color":[{"time":0,"color":"ffffff00","curve":"stepped"},{"time":0.1,"color":"ffffff00"},{"time":0.2,"color":"ffffffff","curve":"stepped"},{"time":0.3,"color":"ffffffff"},{"time":0.4333,"color":"ffffff00","curve":"stepped"},{"time":0.9333,"color":"ffffff00"},{"time":1.0333,"color":"ffffffff","curve":"stepped"},{"time":1.1333,"color":"ffffffff"},{"time":1.2667,"color":"ffffff00","curve":"stepped"},{"time":1.8,"color":"ffffff00"},{"time":1.9,"color":"ffffffff","curve":"stepped"},{"time":2,"color":"ffffffff"},{"time":2.1333,"color":"ffffff00","curve":"stepped"},{"time":2.6333,"color":"ffffff00"},{"time":2.7333,"color":"ffffffff","curve":"stepped"},{"time":2.8333,"color":"ffffffff"},{"time":2.9667,"color":"ffffff00","curve":"stepped"},{"time":3.4667,"color":"ffffff00"},{"time":3.5667,"color":"ffffffff","curve":"stepped"},{"time":3.6667,"color":"ffffffff"},{"time":3.8,"color":"ffffff00","curve":"stepped"},{"time":4.3,"color":"ffffff00"},{"time":4.4,"color":"ffffffff","curve":"stepped"},{"time":4.5,"color":"ffffffff"},{"time":4.6333,"color":"ffffff00","curve":"stepped"},{"time":5.1333,"color":"ffffff00"},{"time":5.2333,"color":"ffffffff","curve":"stepped"},{"time":5.3333,"color":"ffffffff"},{"time":5.4667,"color":"ffffff00","curve":"stepped"},{"time":5.9667,"color":"ffffff00"},{"time":6.0667,"color":"ffffffff","curve":"stepped"},{"time":6.1667,"color":"ffffffff"},{"time":6.3,"color":"ffffff00","curve":"stepped"},{"time":6.8,"color":"ffffff00"},{"time":6.9,"color":"ffffffff","curve":"stepped"},{"time":7,"color":"ffffffff"},{"time":7.1333,"color":"ffffff00","curve":"stepped"},{"time":7.6333,"color":"ffffff00"},{"time":7.7333,"color":"ffffffff","curve":"stepped"},{"time":7.8333,"color":"ffffffff"},{"time":7.9667,"color":"ffffff00","curve":"stepped"},{"time":8.4667,"color":"ffffff00"},{"time":8.5667,"color":"ffffffff","curve":"stepped"},{"time":8.6667,"color":"ffffffff"},{"time":8.8,"color":"ffffff00","curve":"stepped"},{"time":9.3,"color":"ffffff00"},{"time":9.4,"color":"ffffffff","curve":"stepped"},{"time":9.5,"color":"ffffffff"},{"time":9.6333,"color":"ffffff00"}]},"mouth_talk_3":{"color":[{"time":0,"color":"ffffff00","curve":"stepped"},{"time":0.3,"color":"ffffff00"},{"time":0.4333,"color":"ffffffff","curve":"stepped"},{"time":0.5667,"color":"ffffffff"},{"time":0.6667,"color":"ffffff00","curve":"stepped"},{"time":1.1333,"color":"ffffff00"},{"time":1.2667,"color":"ffffffff","curve":"stepped"},{"time":1.4,"color":"ffffffff"},{"time":1.5,"color":"ffffff00","curve":"stepped"},{"time":2,"color":"ffffff00"},{"time":2.1333,"color":"ffffffff","curve":"stepped"},{"time":2.2667,"color":"ffffffff"},{"time":2.3667,"color":"ffffff00","curve":"stepped"},{"time":2.8333,"color":"ffffff00"},{"time":2.9667,"color":"ffffffff","curve":"stepped"},{"time":3.1,"color":"ffffffff"},{"time":3.2,"color":"ffffff00","curve":"stepped"},{"time":3.6667,"color":"ffffff00"},{"time":3.8,"color":"ffffffff","curve":"stepped"},{"time":3.9333,"color":"ffffffff"},{"time":4.0333,"color":"ffffff00","curve":"stepped"},{"time":4.5,"color":"ffffff00"},{"time":4.6333,"color":"ffffffff","curve":"stepped"},{"time":4.7667,"color":"ffffffff"},{"time":4.8667,"color":"ffffff00","curve":"stepped"},{"time":5.3333,"color":"ffffff00"},{"time":5.4667,"color":"ffffffff","curve":"stepped"},{"time":5.6,"color":"ffffffff"},{"time":5.7,"color":"ffffff00","curve":"stepped"},{"time":6.1667,"color":"ffffff00"},{"time":6.3,"color":"ffffffff","curve":"stepped"},{"time":6.4333,"color":"ffffffff"},{"time":6.5333,"color":"ffffff00","curve":"stepped"},{"time":7,"color":"ffffff00"},{"time":7.1333,"color":"ffffffff","curve":"stepped"},{"time":7.2667,"color":"ffffffff"},{"time":7.3667,"color":"ffffff00","curve":"stepped"},{"time":7.8333,"color":"ffffff00"},{"time":7.9667,"color":"ffffffff","curve":"stepped"},{"time":8.1,"color":"ffffffff"},{"time":8.2,"color":"ffffff00","curve":"stepped"},{"time":8.6667,"color":"ffffff00"},{"time":8.8,"color":"ffffffff","curve":"stepped"},{"time":8.9333,"color":"ffffffff"},{"time":9.0333,"color":"ffffff00","curve":"stepped"},{"time":9.5,"color":"ffffff00"},{"time":9.6333,"color":"ffffffff","curve":"stepped"},{"time":9.7667,"color":"ffffffff"},{"time":9.8667,"color":"ffffff00"}]},"mouth_talk_4":{"color":[{"time":0,"color":"ffffff00","curve":"stepped"},{"time":0.5667,"color":"ffffff00"},{"time":0.6667,"color":"ffffffff","curve":"stepped"},{"time":0.7667,"color":"ffffffff"},{"time":0.8667,"color":"ffffff00","curve":"stepped"},{"time":1.4,"color":"ffffff00"},{"time":1.5,"color":"ffffffff","curve":"stepped"},{"time":1.6,"color":"ffffffff"},{"time":1.7,"color":"ffffff00","curve":"stepped"},{"time":2.2667,"color":"ffffff00"},{"time":2.3667,"color":"ffffffff","curve":"stepped"},{"time":2.4667,"color":"ffffffff"},{"time":2.5667,"color":"ffffff00","curve":"stepped"},{"time":3.1,"color":"ffffff00"},{"time":3.2,"color":"ffffffff","curve":"stepped"},{"time":3.3,"color":"ffffffff"},{"time":3.4,"color":"ffffff00","curve":"stepped"},{"time":3.9333,"color":"ffffff00"},{"time":4.0333,"color":"ffffffff","curve":"stepped"},{"time":4.1333,"color":"ffffffff"},{"time":4.2333,"color":"ffffff00","curve":"stepped"},{"time":4.7667,"color":"ffffff00"},{"time":4.8667,"color":"ffffffff","curve":"stepped"},{"time":4.9667,"color":"ffffffff"},{"time":5.0667,"color":"ffffff00","curve":"stepped"},{"time":5.6,"color":"ffffff00"},{"time":5.7,"color":"ffffffff","curve":"stepped"},{"time":5.8,"color":"ffffffff"},{"time":5.9,"color":"ffffff00","curve":"stepped"},{"time":6.4333,"color":"ffffff00"},{"time":6.5333,"color":"ffffffff","curve":"stepped"},{"time":6.6333,"color":"ffffffff"},{"time":6.7333,"color":"ffffff00","curve":"stepped"},{"time":7.2667,"color":"ffffff00"},{"time":7.3667,"color":"ffffffff","curve":"stepped"},{"time":7.4667,"color":"ffffffff"},{"time":7.5667,"color":"ffffff00","curve":"stepped"},{"time":8.1,"color":"ffffff00"},{"time":8.2,"color":"ffffffff","curve":"stepped"},{"time":8.3,"color":"ffffffff"},{"time":8.4,"color":"ffffff00","curve":"stepped"},{"time":8.9333,"color":"ffffff00"},{"time":9.0333,"color":"ffffffff","curve":"stepped"},{"time":9.1333,"color":"ffffffff"},{"time":9.2333,"color":"ffffff00","curve":"stepped"},{"time":9.7667,"color":"ffffff00"},{"time":9.8667,"color":"ffffffff","curve":"stepped"},{"time":9.9667,"color":"ffffffff"},{"time":10.0667,"color":"ffffff00"}]},"mouth_talk_5":{"color":[{"time":0,"color":"ffffff00","curve":"stepped"},{"time":0.7667,"color":"ffffff00","curve":"stepped"},{"time":0.8667,"color":"ffffff00","curve":"stepped"},{"time":1.6,"color":"ffffff00","curve":"stepped"},{"time":1.7,"color":"ffffff00","curve":"stepped"},{"time":2.4667,"color":"ffffff00","curve":"stepped"},{"time":2.5667,"color":"ffffff00","curve":"stepped"},{"time":3.3,"color":"ffffff00","curve":"stepped"},{"time":3.4,"color":"ffffff00","curve":"stepped"},{"time":4.1333,"color":"ffffff00","curve":"stepped"},{"time":4.2333,"color":"ffffff00","curve":"stepped"},{"time":4.9667,"color":"ffffff00","curve":"stepped"},{"time":5.0667,"color":"ffffff00","curve":"stepped"},{"time":5.8,"color":"ffffff00","curve":"stepped"},{"time":5.9,"color":"ffffff00","curve":"stepped"},{"time":6.6333,"color":"ffffff00","curve":"stepped"},{"time":6.7333,"color":"ffffff00","curve":"stepped"},{"time":7.4667,"color":"ffffff00","curve":"stepped"},{"time":7.5667,"color":"ffffff00","curve":"stepped"},{"time":8.3,"color":"ffffff00","curve":"stepped"},{"time":8.4,"color":"ffffff00","curve":"stepped"},{"time":9.1333,"color":"ffffff00","curve":"stepped"},{"time":9.2333,"color":"ffffff00","curve":"stepped"},{"time":9.9667,"color":"ffffff00","curve":"stepped"},{"time":10.0667,"color":"ffffff00"}]}},"bones":{"BONE_EYEBROWS":{"rotate":[{"time":0,"angle":2.6}],"translate":[{"time":0,"x":5.77,"y":0.75}],"scale":[{"time":0,"x":1,"y":1}]},"BONE_GLASSES":{"rotate":[{"time":0,"angle":0},{"time":0.1667,"angle":-1.37},{"time":0.3333,"angle":0},{"time":0.5,"angle":-1.37},{"time":0.6667,"angle":0},{"time":0.8333,"angle":-1.37},{"time":1,"angle":0},{"time":1.1667,"angle":-1.37},{"time":1.3333,"angle":0},{"time":1.5,"angle":-1.37},{"time":1.6667,"angle":0},{"time":1.8333,"angle":-1.37},{"time":2,"angle":0},{"time":2.1667,"angle":-1.37,"curve":"stepped"},{"time":2.4,"angle":-1.37},{"time":2.5667,"angle":0},{"time":2.7333,"angle":-1.37},{"time":2.9,"angle":0},{"time":3.0667,"angle":-1.37},{"time":3.2333,"angle":0},{"time":3.4,"angle":-1.37},{"time":3.5667,"angle":0},{"time":3.7333,"angle":-1.37},{"time":3.9,"angle":0},{"time":4.0667,"angle":-1.37},{"time":4.2333,"angle":0},{"time":4.4,"angle":-1.37,"curve":"stepped"},{"time":4.6333,"angle":-1.37},{"time":4.8,"angle":0},{"time":4.9667,"angle":-1.37},{"time":5.1333,"angle":0},{"time":5.3,"angle":-1.37},{"time":5.4667,"angle":0},{"time":5.6333,"angle":-1.37},{"time":5.8,"angle":0},{"time":5.9667,"angle":-1.37},{"time":6.1333,"angle":0},{"time":6.3,"angle":-1.37},{"time":6.4667,"angle":0},{"time":6.6333,"angle":-1.37,"curve":"stepped"},{"time":6.8667,"angle":-1.37},{"time":7.0333,"angle":0},{"time":7.2,"angle":-1.37},{"time":7.3667,"angle":0},{"time":7.5333,"angle":-1.37},{"time":7.7,"angle":0},{"time":7.8667,"angle":-1.37},{"time":8.0333,"angle":0},{"time":8.2,"angle":-1.37},{"time":8.3667,"angle":0},{"time":8.5333,"angle":-1.37},{"time":8.7,"angle":0},{"time":8.8667,"angle":-1.37,"curve":"stepped"},{"time":9.0667,"angle":-1.37},{"time":9.2333,"angle":0},{"time":9.4,"angle":-1.37},{"time":9.5667,"angle":0},{"time":9.7333,"angle":-1.37},{"time":9.9,"angle":0,"curve":"stepped"},{"time":10.0667,"angle":0}],"translate":[{"time":0,"x":1.95,"y":0.73},{"time":0.1667,"x":-0.39,"y":-1.06},{"time":0.3333,"x":1.95,"y":0.73},{"time":0.5,"x":-0.39,"y":-1.06},{"time":0.6667,"x":1.95,"y":0.73},{"time":0.8333,"x":-0.39,"y":-1.06},{"time":1,"x":1.95,"y":0.73},{"time":1.1667,"x":-0.39,"y":-1.06},{"time":1.3333,"x":1.95,"y":0.73},{"time":1.5,"x":-0.39,"y":-1.06},{"time":1.6667,"x":1.95,"y":0.73},{"time":1.8333,"x":-0.39,"y":-1.06},{"time":2,"x":1.95,"y":0.73},{"time":2.1667,"x":-0.39,"y":-1.06,"curve":"stepped"},{"time":2.4,"x":-0.39,"y":-1.06},{"time":2.5667,"x":1.95,"y":0.73},{"time":2.7333,"x":-0.39,"y":-1.06},{"time":2.9,"x":1.95,"y":0.73},{"time":3.0667,"x":-0.39,"y":-1.06},{"time":3.2333,"x":1.95,"y":0.73},{"time":3.4,"x":-0.39,"y":-1.06},{"time":3.5667,"x":1.95,"y":0.73},{"time":3.7333,"x":-0.39,"y":-1.06},{"time":3.9,"x":1.95,"y":0.73},{"time":4.0667,"x":-0.39,"y":-1.06},{"time":4.2333,"x":1.95,"y":0.73},{"time":4.4,"x":-0.39,"y":-1.06,"curve":"stepped"},{"time":4.6333,"x":-0.39,"y":-1.06},{"time":4.8,"x":1.95,"y":0.73},{"time":4.9667,"x":-0.39,"y":-1.06},{"time":5.1333,"x":1.95,"y":0.73},{"time":5.3,"x":-0.39,"y":-1.06},{"time":5.4667,"x":1.95,"y":0.73},{"time":5.6333,"x":-0.39,"y":-1.06},{"time":5.8,"x":1.95,"y":0.73},{"time":5.9667,"x":-0.39,"y":-1.06},{"time":6.1333,"x":1.95,"y":0.73},{"time":6.3,"x":-0.39,"y":-1.06},{"time":6.4667,"x":1.95,"y":0.73},{"time":6.6333,"x":-0.39,"y":-1.06,"curve":"stepped"},{"time":6.8667,"x":-0.39,"y":-1.06},{"time":7.0333,"x":1.95,"y":0.73},{"time":7.2,"x":-0.39,"y":-1.06},{"time":7.3667,"x":1.95,"y":0.73},{"time":7.5333,"x":-0.39,"y":-1.06},{"time":7.7,"x":1.95,"y":0.73},{"time":7.8667,"x":-0.39,"y":-1.06},{"time":8.0333,"x":1.95,"y":0.73},{"time":8.2,"x":-0.39,"y":-1.06},{"time":8.3667,"x":1.95,"y":0.73},{"time":8.5333,"x":-0.39,"y":-1.06},{"time":8.7,"x":1.95,"y":0.73},{"time":8.8667,"x":-0.39,"y":-1.06,"curve":"stepped"},{"time":9.0667,"x":-0.39,"y":-1.06},{"time":9.2333,"x":1.95,"y":0.73},{"time":9.4,"x":-0.39,"y":-1.06},{"time":9.5667,"x":1.95,"y":0.73},{"time":9.7333,"x":-0.39,"y":-1.06},{"time":9.9,"x":1.95,"y":0.73,"curve":"stepped"},{"time":10.0667,"x":1.95,"y":0.73}],"scale":[{"time":0,"x":1,"y":1,"curve":"stepped"},{"time":0.3333,"x":1,"y":1,"curve":"stepped"},{"time":0.6667,"x":1,"y":1,"curve":"stepped"},{"time":1,"x":1,"y":1,"curve":"stepped"},{"time":1.3333,"x":1,"y":1,"curve":"stepped"},{"time":1.6667,"x":1,"y":1,"curve":"stepped"},{"time":2,"x":1,"y":1,"curve":"stepped"},{"time":2.5667,"x":1,"y":1,"curve":"stepped"},{"time":2.9,"x":1,"y":1,"curve":"stepped"},{"time":3.2333,"x":1,"y":1,"curve":"stepped"},{"time":3.5667,"x":1,"y":1,"curve":"stepped"},{"time":3.9,"x":1,"y":1,"curve":"stepped"},{"time":4.2333,"x":1,"y":1,"curve":"stepped"},{"time":4.8,"x":1,"y":1,"curve":"stepped"},{"time":5.1333,"x":1,"y":1,"curve":"stepped"},{"time":5.4667,"x":1,"y":1,"curve":"stepped"},{"time":5.8,"x":1,"y":1,"curve":"stepped"},{"time":6.1333,"x":1,"y":1,"curve":"stepped"},{"time":6.4667,"x":1,"y":1,"curve":"stepped"},{"time":7.0333,"x":1,"y":1,"curve":"stepped"},{"time":7.3667,"x":1,"y":1,"curve":"stepped"},{"time":7.7,"x":1,"y":1,"curve":"stepped"},{"time":8.0333,"x":1,"y":1,"curve":"stepped"},{"time":8.3667,"x":1,"y":1,"curve":"stepped"},{"time":8.7,"x":1,"y":1,"curve":"stepped"},{"time":9.2333,"x":1,"y":1,"curve":"stepped"},{"time":9.5667,"x":1,"y":1,"curve":"stepped"},{"time":9.9,"x":1,"y":1,"curve":"stepped"},{"time":10.0667,"x":1,"y":1}]},"BONE_LEFT_IRIS":{"rotate":[{"time":0,"angle":0,"curve":"stepped"},{"time":2.1333,"angle":0,"curve":"stepped"},{"time":5.0333,"angle":0}],"translate":[{"time":0,"x":0,"y":0,"curve":"stepped"},{"time":2.1333,"x":0,"y":0},{"time":2.4333,"x":-0.53,"y":4.58,"curve":"stepped"},{"time":4.5,"x":-0.53,"y":4.58},{"time":5.0333,"x":0,"y":0}],"scale":[{"time":0,"x":1,"y":1,"curve":"stepped"},{"time":2.1333,"x":1,"y":1,"curve":"stepped"},{"time":5.0333,"x":1,"y":1}]},"BONE_RIGHT_IRIS":{"rotate":[{"time":0,"angle":0,"curve":"stepped"},{"time":2.1333,"angle":0,"curve":"stepped"},{"time":5.0333,"angle":0}],"translate":[{"time":0,"x":0,"y":0,"curve":"stepped"},{"time":2.1333,"x":0,"y":0},{"time":2.4333,"x":-0.53,"y":4.58,"curve":"stepped"},{"time":4.5,"x":-0.53,"y":4.58},{"time":5.0333,"x":0,"y":0}],"scale":[{"time":0,"x":1,"y":1,"curve":"stepped"},{"time":2.1333,"x":1,"y":1,"curve":"stepped"},{"time":5.0333,"x":1,"y":1}]},"BONE_NOSE":{"rotate":[{"time":0,"angle":0,"curve":"stepped"},{"time":0.1667,"angle":0,"curve":"stepped"},{"time":0.3333,"angle":0,"curve":"stepped"},{"time":0.5,"angle":0,"curve":"stepped"},{"time":0.6667,"angle":0,"curve":"stepped"},{"time":0.8333,"angle":0,"curve":"stepped"},{"time":1,"angle":0,"curve":"stepped"},{"time":1.1667,"angle":0,"curve":"stepped"},{"time":1.3333,"angle":0,"curve":"stepped"},{"time":1.5,"angle":0,"curve":"stepped"},{"time":1.6667,"angle":0,"curve":"stepped"},{"time":1.8333,"angle":0,"curve":"stepped"},{"time":2,"angle":0,"curve":"stepped"},{"time":2.1667,"angle":0,"curve":"stepped"},{"time":2.4,"angle":0,"curve":"stepped"},{"time":2.5667,"angle":0,"curve":"stepped"},{"time":2.7333,"angle":0,"curve":"stepped"},{"time":2.9,"angle":0,"curve":"stepped"},{"time":3.0667,"angle":0,"curve":"stepped"},{"time":3.2333,"angle":0,"curve":"stepped"},{"time":3.4,"angle":0,"curve":"stepped"},{"time":3.5667,"angle":0,"curve":"stepped"},{"time":3.7333,"angle":0,"curve":"stepped"},{"time":3.9,"angle":0,"curve":"stepped"},{"time":4.0667,"angle":0,"curve":"stepped"},{"time":4.2333,"angle":0,"curve":"stepped"},{"time":4.4,"angle":0,"curve":"stepped"},{"time":4.6333,"angle":0,"curve":"stepped"},{"time":4.8,"angle":0,"curve":"stepped"},{"time":4.9667,"angle":0,"curve":"stepped"},{"time":5.1333,"angle":0,"curve":"stepped"},{"time":5.3,"angle":0,"curve":"stepped"},{"time":5.4667,"angle":0,"curve":"stepped"},{"time":5.6333,"angle":0,"curve":"stepped"},{"time":5.8,"angle":0,"curve":"stepped"},{"time":5.9667,"angle":0,"curve":"stepped"},{"time":6.1333,"angle":0,"curve":"stepped"},{"time":6.3,"angle":0,"curve":"stepped"},{"time":6.4667,"angle":0,"curve":"stepped"},{"time":6.6333,"angle":0,"curve":"stepped"},{"time":6.8667,"angle":0,"curve":"stepped"},{"time":7.0333,"angle":0,"curve":"stepped"},{"time":7.2,"angle":0,"curve":"stepped"},{"time":7.3667,"angle":0,"curve":"stepped"},{"time":7.5333,"angle":0,"curve":"stepped"},{"time":7.7,"angle":0,"curve":"stepped"},{"time":7.8667,"angle":0,"curve":"stepped"},{"time":8.0333,"angle":0,"curve":"stepped"},{"time":8.2,"angle":0,"curve":"stepped"},{"time":8.3667,"angle":0,"curve":"stepped"},{"time":8.5333,"angle":0,"curve":"stepped"},{"time":8.7,"angle":0,"curve":"stepped"},{"time":8.8667,"angle":0,"curve":"stepped"},{"time":9.0667,"angle":0,"curve":"stepped"},{"time":9.2333,"angle":0,"curve":"stepped"},{"time":9.4,"angle":0,"curve":"stepped"},{"time":9.5667,"angle":0,"curve":"stepped"},{"time":9.7333,"angle":0,"curve":"stepped"},{"time":9.9,"angle":0,"curve":"stepped"},{"time":10.0667,"angle":0}],"translate":[{"time":0,"x":2.48,"y":1.15},{"time":0.1667,"x":0,"y":0},{"time":0.3333,"x":2.48,"y":1.15},{"time":0.5,"x":0,"y":0},{"time":0.6667,"x":2.48,"y":1.15},{"time":0.8333,"x":0,"y":0},{"time":1,"x":2.48,"y":1.15},{"time":1.1667,"x":0,"y":0},{"time":1.3333,"x":2.48,"y":1.15},{"time":1.5,"x":0,"y":0},{"time":1.6667,"x":2.48,"y":1.15},{"time":1.8333,"x":0,"y":0},{"time":2,"x":2.48,"y":1.15},{"time":2.1667,"x":0,"y":0,"curve":"stepped"},{"time":2.4,"x":0,"y":0},{"time":2.5667,"x":2.48,"y":1.15},{"time":2.7333,"x":0,"y":0},{"time":2.9,"x":2.48,"y":1.15},{"time":3.0667,"x":0,"y":0},{"time":3.2333,"x":2.48,"y":1.15},{"time":3.4,"x":0,"y":0},{"time":3.5667,"x":2.48,"y":1.15},{"time":3.7333,"x":0,"y":0},{"time":3.9,"x":2.48,"y":1.15},{"time":4.0667,"x":0,"y":0},{"time":4.2333,"x":2.48,"y":1.15},{"time":4.4,"x":0,"y":0,"curve":"stepped"},{"time":4.6333,"x":0,"y":0},{"time":4.8,"x":2.48,"y":1.15},{"time":4.9667,"x":0,"y":0},{"time":5.1333,"x":2.48,"y":1.15},{"time":5.3,"x":0,"y":0},{"time":5.4667,"x":2.48,"y":1.15},{"time":5.6333,"x":0,"y":0},{"time":5.8,"x":2.48,"y":1.15},{"time":5.9667,"x":0,"y":0},{"time":6.1333,"x":2.48,"y":1.15},{"time":6.3,"x":0,"y":0},{"time":6.4667,"x":2.48,"y":1.15},{"time":6.6333,"x":0,"y":0,"curve":"stepped"},{"time":6.8667,"x":0,"y":0},{"time":7.0333,"x":2.48,"y":1.15},{"time":7.2,"x":0,"y":0},{"time":7.3667,"x":2.48,"y":1.15},{"time":7.5333,"x":0,"y":0},{"time":7.7,"x":2.48,"y":1.15},{"time":7.8667,"x":0,"y":0},{"time":8.0333,"x":2.48,"y":1.15},{"time":8.2,"x":0,"y":0},{"time":8.3667,"x":2.48,"y":1.15},{"time":8.5333,"x":0,"y":0},{"time":8.7,"x":2.48,"y":1.15},{"time":8.8667,"x":0,"y":0,"curve":"stepped"},{"time":9.0667,"x":0,"y":0},{"time":9.2333,"x":2.48,"y":1.15},{"time":9.4,"x":0,"y":0},{"time":9.5667,"x":2.48,"y":1.15},{"time":9.7333,"x":0,"y":0},{"time":9.9,"x":2.48,"y":1.15,"curve":"stepped"},{"time":10.0667,"x":2.48,"y":1.15}],"scale":[{"time":0,"x":1,"y":1,"curve":"stepped"},{"time":0.1667,"x":1,"y":1,"curve":"stepped"},{"time":0.3333,"x":1,"y":1,"curve":"stepped"},{"time":0.5,"x":1,"y":1,"curve":"stepped"},{"time":0.6667,"x":1,"y":1,"curve":"stepped"},{"time":0.8333,"x":1,"y":1,"curve":"stepped"},{"time":1,"x":1,"y":1,"curve":"stepped"},{"time":1.1667,"x":1,"y":1,"curve":"stepped"},{"time":1.3333,"x":1,"y":1,"curve":"stepped"},{"time":1.5,"x":1,"y":1,"curve":"stepped"},{"time":1.6667,"x":1,"y":1,"curve":"stepped"},{"time":1.8333,"x":1,"y":1,"curve":"stepped"},{"time":2,"x":1,"y":1,"curve":"stepped"},{"time":2.1667,"x":1,"y":1,"curve":"stepped"},{"time":2.4,"x":1,"y":1,"curve":"stepped"},{"time":2.5667,"x":1,"y":1,"curve":"stepped"},{"time":2.7333,"x":1,"y":1,"curve":"stepped"},{"time":2.9,"x":1,"y":1,"curve":"stepped"},{"time":3.0667,"x":1,"y":1,"curve":"stepped"},{"time":3.2333,"x":1,"y":1,"curve":"stepped"},{"time":3.4,"x":1,"y":1,"curve":"stepped"},{"time":3.5667,"x":1,"y":1,"curve":"stepped"},{"time":3.7333,"x":1,"y":1,"curve":"stepped"},{"time":3.9,"x":1,"y":1,"curve":"stepped"},{"time":4.0667,"x":1,"y":1,"curve":"stepped"},{"time":4.2333,"x":1,"y":1,"curve":"stepped"},{"time":4.4,"x":1,"y":1,"curve":"stepped"},{"time":4.6333,"x":1,"y":1,"curve":"stepped"},{"time":4.8,"x":1,"y":1,"curve":"stepped"},{"time":4.9667,"x":1,"y":1,"curve":"stepped"},{"time":5.1333,"x":1,"y":1,"curve":"stepped"},{"time":5.3,"x":1,"y":1,"curve":"stepped"},{"time":5.4667,"x":1,"y":1,"curve":"stepped"},{"time":5.6333,"x":1,"y":1,"curve":"stepped"},{"time":5.8,"x":1,"y":1,"curve":"stepped"},{"time":5.9667,"x":1,"y":1,"curve":"stepped"},{"time":6.1333,"x":1,"y":1,"curve":"stepped"},{"time":6.3,"x":1,"y":1,"curve":"stepped"},{"time":6.4667,"x":1,"y":1,"curve":"stepped"},{"time":6.6333,"x":1,"y":1,"curve":"stepped"},{"time":6.8667,"x":1,"y":1,"curve":"stepped"},{"time":7.0333,"x":1,"y":1,"curve":"stepped"},{"time":7.2,"x":1,"y":1,"curve":"stepped"},{"time":7.3667,"x":1,"y":1,"curve":"stepped"},{"time":7.5333,"x":1,"y":1,"curve":"stepped"},{"time":7.7,"x":1,"y":1,"curve":"stepped"},{"time":7.8667,"x":1,"y":1,"curve":"stepped"},{"time":8.0333,"x":1,"y":1,"curve":"stepped"},{"time":8.2,"x":1,"y":1,"curve":"stepped"},{"time":8.3667,"x":1,"y":1,"curve":"stepped"},{"time":8.5333,"x":1,"y":1,"curve":"stepped"},{"time":8.7,"x":1,"y":1,"curve":"stepped"},{"time":8.8667,"x":1,"y":1,"curve":"stepped"},{"time":9.0667,"x":1,"y":1,"curve":"stepped"},{"time":9.2333,"x":1,"y":1,"curve":"stepped"},{"time":9.4,"x":1,"y":1,"curve":"stepped"},{"time":9.5667,"x":1,"y":1,"curve":"stepped"},{"time":9.7333,"x":1,"y":1,"curve":"stepped"},{"time":9.9,"x":1,"y":1,"curve":"stepped"},{"time":10.0667,"x":1,"y":1}]}}},"idle_1":{"slots":{"back_lower_arm_hand1":{"color":[{"time":0,"color":"ffffffff"}]},"back_lower_arm_hand2":{"color":[{"time":0,"color":"ffffff00"}]},"back_lower_arm_hand3":{"color":[{"time":0,"color":"ffffff00"}]},"front_arm_hand_1":{"color":[{"time":0,"color":"ffffffff"}]},"front_arm_hand_2":{"color":[{"time":0,"color":"ffffff00"}]},"front_arm_hand_3":{"color":[{"time":0,"color":"ffffff00"}]}},"bones":{"BONE_FRONT_HAND":{"rotate":[{"time":0,"angle":0}],"translate":[{"time":0,"x":0,"y":0}],"scale":[{"time":0,"x":1,"y":1}]},"BONE_BACK_HAND":{"rotate":[{"time":0,"angle":0}],"translate":[{"time":0,"x":0,"y":0}],"scale":[{"time":0,"x":1,"y":1}]},"BONE_BACK_ARM":{"rotate":[{"time":0,"angle":-20.44},{"time":1.3,"angle":-19.03},{"time":3.2667,"angle":-16.31},{"time":9.8,"angle":-20.44}],"translate":[{"time":0,"x":0,"y":0,"curve":"stepped"},{"time":9.8,"x":0,"y":0}],"scale":[{"time":0,"x":1,"y":1,"curve":"stepped"},{"time":9.8,"x":1,"y":1}]},"BONE_BACK_LOWER_ARM":{"rotate":[{"time":0,"angle":6.69},{"time":1.3,"angle":8.2},{"time":3.2667,"angle":11.14},{"time":9.8,"angle":6.69}],"translate":[{"time":0,"x":0,"y":0,"curve":"stepped"},{"time":9.8,"x":0,"y":0}],"scale":[{"time":0,"x":1,"y":1,"curve":"stepped"},{"time":9.8,"x":1,"y":1}]},"root":{"rotate":[{"time":0,"angle":0}],"translate":[{"time":0,"x":0,"y":0}],"scale":[{"time":0,"x":1,"y":1}]},"BONE_TORSO":{"rotate":[{"time":0,"angle":0},{"time":1.3333,"angle":0.93},{"time":2.7333,"angle":0},{"time":4.8,"angle":0.93},{"time":6.2,"angle":0},{"time":8.3,"angle":0.93},{"time":9.7,"angle":0}],"translate":[{"time":0,"x":0,"y":0,"curve":"stepped"},{"time":2.7333,"x":0,"y":0,"curve":"stepped"},{"time":6.2,"x":0,"y":0,"curve":"stepped"},{"time":9.7,"x":0,"y":0}],"scale":[{"time":0,"x":1,"y":1,"curve":"stepped"},{"time":2.7333,"x":1,"y":1,"curve":"stepped"},{"time":6.2,"x":1,"y":1,"curve":"stepped"},{"time":9.7,"x":1,"y":1}]},"BONE_HEAD":{"rotate":[{"time":0,"angle":0},{"time":1.3667,"angle":-1.31},{"time":4.8,"angle":1.51},{"time":7.4333,"angle":2.57},{"time":9.8,"angle":0}],"translate":[{"time":0,"x":0,"y":0,"curve":"stepped"},{"time":9.8,"x":0,"y":0}],"scale":[{"time":0,"x":1,"y":1,"curve":"stepped"},{"time":9.8,"x":1,"y":1}]},"BONE_FRONT_ARM":{"rotate":[{"time":0,"angle":0},{"time":0.7667,"angle":-1.03},{"time":2.5333,"angle":-2.1},{"time":6.8333,"angle":-0.63},{"time":9.8,"angle":0}],"translate":[{"time":0,"x":0,"y":0,"curve":"stepped"},{"time":9.8,"x":0,"y":0}],"scale":[{"time":0,"x":1,"y":1,"curve":"stepped"},{"time":9.8,"x":1,"y":1}]},"BONE_FRONT_LOWER_ARM":{"rotate":[{"time":0,"angle":0},{"time":0.7667,"angle":-0.17},{"time":3.2667,"angle":-3.96},{"time":6.3333,"angle":-2.79},{"time":9.8,"angle":0}],"translate":[{"time":0,"x":0,"y":0,"curve":"stepped"},{"time":9.8,"x":0,"y":0}],"scale":[{"time":0,"x":1,"y":1,"curve":"stepped"},{"time":9.8,"x":1,"y":1}]},"BONE_PELVIS":{"rotate":[{"time":0,"angle":0}],"translate":[{"time":0,"x":0,"y":0}],"scale":[{"time":0,"x":1,"y":1}]},"BONE_FRONT_LEG":{"rotate":[{"time":0,"angle":0},{"time":1.3333,"angle":-1.89},{"time":2.8333,"angle":0},{"time":4.8,"angle":-1.89},{"time":6.3,"angle":0},{"time":8.3,"angle":-1.89},{"time":9.8,"angle":0}],"translate":[{"time":0,"x":0,"y":0,"curve":"stepped"},{"time":2.8333,"x":0,"y":0,"curve":"stepped"},{"time":6.3,"x":0,"y":0,"curve":"stepped"},{"time":9.8,"x":0,"y":0}],"scale":[{"time":0,"x":1,"y":1,"curve":"stepped"},{"time":2.8333,"x":1,"y":1,"curve":"stepped"},{"time":6.3,"x":1,"y":1,"curve":"stepped"},{"time":9.8,"x":1,"y":1}]},"BONE_FRONT_FOOT":{"rotate":[{"time":0,"angle":0}],"translate":[{"time":0,"x":0,"y":0}],"scale":[{"time":0,"x":1,"y":1}]},"BONE_BACK_LEG":{"rotate":[{"time":0,"angle":0},{"time":1.3333,"angle":-0.57},{"time":2.8333,"angle":0},{"time":4.8,"angle":-0.57},{"time":6.3,"angle":0},{"time":8.3,"angle":-0.57},{"time":9.8,"angle":0}],"translate":[{"time":0,"x":0,"y":0,"curve":"stepped"},{"time":2.8333,"x":0,"y":0,"curve":"stepped"},{"time":6.3,"x":0,"y":0,"curve":"stepped"},{"time":9.8,"x":0,"y":0}],"scale":[{"time":0,"x":1,"y":1,"curve":"stepped"},{"time":2.8333,"x":1,"y":1,"curve":"stepped"},{"time":6.3,"x":1,"y":1,"curve":"stepped"},{"time":9.8,"x":1,"y":1}]},"BONE_BACK_FOOT":{"rotate":[{"time":0,"angle":0}],"translate":[{"time":0,"x":0,"y":0}],"scale":[{"time":0,"x":1,"y":1}]}}},"thumbs_up":{"slots":{"back_lower_arm_hand1":{"color":[{"time":0,"color":"ffffffff","curve":"stepped"},{"time":0.4667,"color":"ffffffff"},{"time":0.6667,"color":"ffffff00","curve":"stepped"},{"time":2.9667,"color":"ffffff00"},{"time":3.1333,"color":"ffffffff","curve":"stepped"},{"time":3.5667,"color":"ffffffff","curve":"stepped"},{"time":3.6333,"color":"ffffffff"}]},"back_lower_arm_hand2":{"color":[{"time":0,"color":"ffffff00","curve":"stepped"},{"time":3.5667,"color":"ffffff00","curve":"stepped"},{"time":3.6333,"color":"ffffff00"}]},"back_lower_arm_hand3":{"color":[{"time":0,"color":"ffffff00","curve":"stepped"},{"time":0.4667,"color":"ffffff00"},{"time":0.6667,"color":"ffffffff","curve":"stepped"},{"time":2.9667,"color":"ffffffff"},{"time":3.1333,"color":"ffffff00","curve":"stepped"},{"time":3.5667,"color":"ffffff00","curve":"stepped"},{"time":3.6333,"color":"ffffff00"}]},"front_arm_hand_1":{"color":[{"time":0,"color":"ffffffff","curve":"stepped"},{"time":3.6333,"color":"ffffffff"}]},"front_arm_hand_2":{"color":[{"time":0,"color":"ffffff00","curve":"stepped"},{"time":3.6333,"color":"ffffff00"}]},"front_arm_hand_3":{"color":[{"time":0,"color":"ffffff00","curve":"stepped"},{"time":3.6333,"color":"ffffff00"}]}},"bones":{"BONE_FRONT_HAND":{"rotate":[{"time":0,"angle":0,"curve":"stepped"},{"time":3.6333,"angle":0}],"translate":[{"time":0,"x":0,"y":0,"curve":"stepped"},{"time":3.6333,"x":0,"y":0}],"scale":[{"time":0,"x":1,"y":1,"curve":"stepped"},{"time":3.6333,"x":1,"y":1}]},"BONE_BACK_HAND":{"rotate":[{"time":0,"angle":0},{"time":0.8333,"angle":-5.1},{"time":2.3333,"angle":2.96},{"time":3.5667,"angle":0,"curve":"stepped"},{"time":3.6333,"angle":0}],"translate":[{"time":0,"x":0,"y":0,"curve":"stepped"},{"time":3.5667,"x":0,"y":0,"curve":"stepped"},{"time":3.6333,"x":0,"y":0}],"scale":[{"time":0,"x":1,"y":1,"curve":"stepped"},{"time":3.5667,"x":1,"y":1,"curve":"stepped"},{"time":3.6333,"x":1,"y":1}]},"BONE_BACK_ARM":{"rotate":[{"time":0,"angle":-20.44,"curve":[0.25,0,0,0.69]},{"time":0.4667,"angle":18.13},{"time":0.9667,"angle":12.96},{"time":1.6,"angle":13.54},{"time":3.0667,"angle":12.36,"curve":[0.25,0,0.334,1]},{"time":3.6333,"angle":-20.44}],"translate":[{"time":0,"x":0,"y":0,"curve":"stepped"},{"time":3.6333,"x":0,"y":0}],"scale":[{"time":0,"x":1,"y":1,"curve":"stepped"},{"time":3.6333,"x":1,"y":1}]},"BONE_BACK_LOWER_ARM":{"rotate":[{"time":0,"angle":6.69,"curve":[0.25,0,0.234,1]},{"time":0.4667,"angle":99.1},{"time":0.9667,"angle":87.47},{"time":1.6,"angle":89.12},{"time":2.3333,"angle":89.87},{"time":3.0667,"angle":85.49,"curve":[0.25,0,0.334,1]},{"time":3.6333,"angle":6.69}],"translate":[{"time":0,"x":0,"y":0,"curve":"stepped"},{"time":3.6333,"x":0,"y":0}],"scale":[{"time":0,"x":1,"y":1,"curve":"stepped"},{"time":3.6333,"x":1,"y":1}]},"root":{"rotate":[{"time":0,"angle":0,"curve":"stepped"},{"time":3.6333,"angle":0}],"translate":[{"time":0,"x":0,"y":0,"curve":"stepped"},{"time":3.6333,"x":0,"y":0}],"scale":[{"time":0,"x":1,"y":1,"curve":"stepped"},{"time":3.6333,"x":1,"y":1}]},"BONE_TORSO":{"rotate":[{"time":0,"angle":0},{"time":0.6333,"angle":1.15},{"time":3.6333,"angle":0}],"translate":[{"time":0,"x":0,"y":0,"curve":"stepped"},{"time":3.6333,"x":0,"y":0}],"scale":[{"time":0,"x":1,"y":1,"curve":"stepped"},{"time":3.6333,"x":1,"y":1}]},"BONE_HEAD":{"rotate":[{"time":0,"angle":0},{"time":0.3667,"angle":4.56,"curve":[0.25,0,0,0.93]},{"time":1.4667,"angle":-0.02},{"time":3.6333,"angle":0}],"translate":[{"time":0,"x":0,"y":0,"curve":"stepped"},{"time":3.6333,"x":0,"y":0}],"scale":[{"time":0,"x":1,"y":1,"curve":"stepped"},{"time":3.6333,"x":1,"y":1}]},"BONE_FRONT_ARM":{"rotate":[{"time":0,"angle":0},{"time":0.9333,"angle":-2.46,"curve":[0.565,0,0.544,0.51]},{"time":2.3333,"angle":0.21,"curve":[0.126,0.51,0.375,1]},{"time":3.6333,"angle":0}],"translate":[{"time":0,"x":0,"y":0,"curve":"stepped"},{"time":3.6333,"x":0,"y":0}],"scale":[{"time":0,"x":1,"y":1,"curve":"stepped"},{"time":3.6333,"x":1,"y":1}]},"BONE_FRONT_LOWER_ARM":{"rotate":[{"time":0,"angle":0},{"time":0.9333,"angle":-9.82},{"time":2.3333,"angle":-10.95},{"time":3.6333,"angle":0}],"translate":[{"time":0,"x":0,"y":0,"curve":"stepped"},{"time":3.6333,"x":0,"y":0}],"scale":[{"time":0,"x":1,"y":1,"curve":"stepped"},{"time":3.6333,"x":1,"y":1}]},"BONE_PELVIS":{"rotate":[{"time":0,"angle":0,"curve":"stepped"},{"time":3.6333,"angle":0}],"translate":[{"time":0,"x":0,"y":0,"curve":"stepped"},{"time":3.6333,"x":0,"y":0}],"scale":[{"time":0,"x":1,"y":1,"curve":"stepped"},{"time":3.6333,"x":1,"y":1}]},"BONE_FRONT_LEG":{"rotate":[{"time":0,"angle":0},{"time":0.6333,"angle":-2.54,"curve":[0.25,0,1,0.69]},{"time":3.6333,"angle":0}],"translate":[{"time":0,"x":0,"y":0,"curve":"stepped"},{"time":3.6333,"x":0,"y":0}],"scale":[{"time":0,"x":1,"y":1,"curve":"stepped"},{"time":3.6333,"x":1,"y":1}]},"BONE_FRONT_FOOT":{"rotate":[{"time":0,"angle":0},{"time":0.6333,"angle":3.51},{"time":3.6333,"angle":0}],"translate":[{"time":0,"x":0,"y":0,"curve":"stepped"},{"time":3.6333,"x":0,"y":0}],"scale":[{"time":0,"x":1,"y":1,"curve":"stepped"},{"time":3.6333,"x":1,"y":1}]},"BONE_BACK_LEG":{"rotate":[{"time":0,"angle":0},{"time":0.6333,"angle":3.04,"curve":[0.25,0,0,0.98]},{"time":3.6333,"angle":0}],"translate":[{"time":0,"x":0,"y":0,"curve":"stepped"},{"time":3.6333,"x":0,"y":0}],"scale":[{"time":0,"x":1,"y":1,"curve":"stepped"},{"time":3.6333,"x":1,"y":1}]},"BONE_BACK_FOOT":{"rotate":[{"time":0,"angle":0},{"time":0.8333,"angle":0},{"time":1.1667,"angle":2.67},{"time":3.6333,"angle":0}],"translate":[{"time":0,"x":0,"y":0,"curve":"stepped"},{"time":3.6333,"x":0,"y":0}],"scale":[{"time":0,"x":1,"y":1,"curve":"stepped"},{"time":3.6333,"x":1,"y":1}]}}},"walk":{"slots":{"back_lower_arm_hand1":{"color":[{"time":0,"color":"ffffff00","curve":"stepped"},{"time":0.6667,"color":"ffffff00"}]},"back_lower_arm_hand2":{"color":[{"time":0,"color":"ffffffff","curve":"stepped"},{"time":0.6667,"color":"ffffffff"}]},"back_lower_arm_hand3":{"color":[{"time":0,"color":"ffffff00","curve":"stepped"},{"time":0.6667,"color":"ffffff00"}]},"front_arm_hand_1":{"color":[{"time":0,"color":"ffffffff","curve":"stepped"},{"time":0.6667,"color":"ffffffff"}]},"front_arm_hand_2":{"color":[{"time":0,"color":"ffffff00","curve":"stepped"},{"time":0.6667,"color":"ffffff00"}]},"front_arm_hand_3":{"color":[{"time":0,"color":"ffffff00","curve":"stepped"},{"time":0.6667,"color":"ffffff00"}]}},"bones":{"BONE_FRONT_LEG":{"rotate":[{"time":0,"angle":-27.65},{"time":0.1667,"angle":4.07,"curve":[0.25,0,0.21,0.96]},{"time":0.3333,"angle":27.9},{"time":0.5,"angle":5.88,"curve":[0.25,0,0.29,0.92]},{"time":0.6667,"angle":-27.65}]},"BONE_FRONT_FOOT":{"rotate":[{"time":0,"angle":-29.18},{"time":0.1667,"angle":10.68,"curve":[0.25,0,0.21,0.96]},{"time":0.3333,"angle":22.64},{"time":0.5,"angle":-3.61,"curve":[0.25,0,0.29,0.92]},{"time":0.6667,"angle":-29.18}]},"BONE_BACK_LEG":{"rotate":[{"time":0,"angle":41.55},{"time":0.1667,"angle":13.97,"curve":[0.25,0,0.21,0.96]},{"time":0.3333,"angle":-25.91},{"time":0.5,"angle":0.68,"curve":[0.25,0,0.29,0.92]},{"time":0.6667,"angle":41.55}]},"BONE_BACK_FOOT":{"rotate":[{"time":0,"angle":11.62},{"time":0.1667,"angle":-2.45,"curve":[0.25,0,0.21,0.96]},{"time":0.3333,"angle":-29.5},{"time":0.5,"angle":2.24,"curve":[0.25,0,0.29,0.92]},{"time":0.6667,"angle":11.62}]},"BONE_FRONT_ARM":{"rotate":[{"time":0,"angle":-2.11},{"time":0.1667,"angle":16.18,"curve":[0.25,0,0.21,0.96]},{"time":0.3333,"angle":-318.53},{"time":0.5,"angle":-335.12,"curve":[0.25,0,0.29,0.92]},{"time":0.6667,"angle":-2.11}]},"BONE_FRONT_LOWER_ARM":{"rotate":[{"time":0,"angle":-3.13},{"time":0.1667,"angle":-37.41,"curve":[0.42,0,0.597,0.49]},{"time":0.3333,"angle":-20.64,"curve":[0.171,0.47,0.438,0.96]},{"time":0.5,"angle":-25.92,"curve":[0.25,0,0.29,0.92]},{"time":0.6667,"angle":-3.13}]},"BONE_BACK_ARM":{"rotate":[{"time":0,"angle":9.18},{"time":0.1667,"angle":-25.91,"curve":[0.25,0,0.21,0.96]},{"time":0.3333,"angle":304.34},{"time":0.5,"angle":323.75,"curve":[0.25,0,0.29,0.92]},{"time":0.6667,"angle":9.18}]},"BONE_BACK_LOWER_ARM":{"rotate":[{"time":0,"angle":35.87},{"time":0.1667,"angle":22.27,"curve":[0.25,0,0.21,0.96]},{"time":0.6667,"angle":35.87}]},"BONE_HEAD":{"rotate":[{"time":0,"angle":-6.45},{"time":0.1667,"angle":-2.8,"curve":[0.25,0,0.21,0.96]},{"time":0.3333,"angle":-0.53},{"time":0.5,"angle":-3.38,"curve":[0.25,0,0.29,0.92]},{"time":0.6667,"angle":-6.45}]},"BONE_FRONT_HAND":{"rotate":[{"time":0,"angle":5.61},{"time":0.1667,"angle":0.69},{"time":0.3333,"angle":8.93},{"time":0.5,"angle":1.23},{"time":0.6667,"angle":5.61}]},"BONE_BACK_HAND":{"rotate":[{"time":0,"angle":1.44},{"time":0.1667,"angle":-6.73},{"time":0.5333,"angle":14.87},{"time":0.6667,"angle":1.44}]},"root":{"rotate":[{"time":0.1667,"angle":0}],"translate":[{"time":0,"x":0,"y":27.31},{"time":0.1667,"x":0,"y":0,"curve":[0.25,0,0.21,0.96]},{"time":0.3333,"x":0,"y":23.13},{"time":0.5,"x":0,"y":9.25,"curve":[0.25,0,0.29,0.92]},{"time":0.6667,"x":0,"y":27.31}],"scale":[{"time":0.1667,"x":1,"y":1}]},"BONE_TORSO":{"rotate":[{"time":0,"angle":-2.72},{"time":0.1667,"angle":-1.73,"curve":[0.25,0,0.21,0.96]},{"time":0.6667,"angle":-2.72}]}}},"wave":{"slots":{"back_lower_arm_hand1":{"color":[{"time":0,"color":"ffffffff","curve":"stepped"},{"time":0.5333,"color":"ffffffff"},{"time":0.7,"color":"ffffff00","curve":"stepped"},{"time":6.9333,"color":"ffffff00"},{"time":7.0333,"color":"ffffffff"}]},"back_lower_arm_hand2":{"color":[{"time":0,"color":"ffffff00","curve":"stepped"},{"time":0.5333,"color":"ffffff00"},{"time":0.7,"color":"ffffffff","curve":"stepped"},{"time":6.9333,"color":"ffffffff"},{"time":7.0333,"color":"ffffff00"}]},"back_lower_arm_hand3":{"color":[{"time":0,"color":"ffffff00"}]},"front_arm_hand_1":{"color":[{"time":0,"color":"ffffffff"}]},"front_arm_hand_2":{"color":[{"time":0,"color":"ffffff00"}]},"front_arm_hand_3":{"color":[{"time":0,"color":"ffffff00"}]}},"bones":{"BONE_FRONT_HAND":{"rotate":[{"time":0,"angle":0}],"translate":[{"time":0,"x":0,"y":0}],"scale":[{"time":0,"x":1,"y":1}]},"BONE_BACK_HAND":{"rotate":[{"time":0,"angle":0},{"time":0.5333,"angle":2.38},{"time":0.7,"angle":9.49},{"time":0.9333,"angle":-11.56},{"time":1.2,"angle":21.13},{"time":1.4333,"angle":-20.76},{"time":1.6667,"angle":20.36},{"time":1.9333,"angle":1.69},{"time":2.1667,"angle":26.99},{"time":2.4,"angle":-17.6},{"time":2.7,"angle":19.96},{"time":2.9,"angle":-11.85},{"time":3.1333,"angle":19.7},{"time":3.3333,"angle":-11.94},{"time":3.5333,"angle":18.83},{"time":3.8,"angle":-10.88},{"time":4.0333,"angle":20.99},{"time":4.3333,"angle":-9.6},{"time":4.5667,"angle":17.69},{"time":4.8333,"angle":-14.18},{"time":5.0667,"angle":22.45},{"time":5.3333,"angle":-16.23},{"time":5.5667,"angle":22.09},{"time":5.8667,"angle":-14.08},{"time":6.1,"angle":25.77},{"time":6.4,"angle":-15.11},{"time":6.6333,"angle":21.97}],"translate":[{"time":0,"x":0,"y":0}],"scale":[{"time":0,"x":1,"y":1}]},"BONE_BACK_ARM":{"rotate":[{"time":0,"angle":-20.44,"curve":[0.25,0,0.374,0.86]},{"time":0.4667,"angle":90.42},{"time":0.7,"angle":95.69,"curve":[0.25,0,0.51,1]},{"time":0.9333,"angle":92.52,"curve":[0.25,0,0.57,1]},{"time":1.2,"angle":96.4,"curve":[0.25,0,0.53,1]},{"time":1.4333,"angle":94.55,"curve":[0.25,0,0.298,1]},{"time":1.6667,"angle":97.3},{"time":1.9333,"angle":94.55,"curve":[0.25,0,0.298,1]},{"time":2.1667,"angle":97.3},{"time":2.4,"angle":94.55,"curve":[0.25,0,0.298,1]},{"time":2.7,"angle":97.3},{"time":2.9,"angle":94.55,"curve":[0.25,0,0.298,1]},{"time":3.1333,"angle":97.3},{"time":3.3333,"angle":94.55,"curve":[0.25,0,0.298,1]},{"time":3.5333,"angle":97.3},{"time":3.8,"angle":94.55,"curve":[0.25,0,0.298,1]},{"time":4.0333,"angle":97.3},{"time":4.3333,"angle":94.55,"curve":[0.25,0,0.298,1]},{"time":4.5667,"angle":97.3},{"time":4.8333,"angle":94.55,"curve":[0.25,0,0.298,1]},{"time":5.0667,"angle":97.3},{"time":5.3333,"angle":94.55,"curve":[0.25,0,0.298,1]},{"time":5.5667,"angle":97.3},{"time":5.8667,"angle":94.55,"curve":[0.25,0,0.298,1]},{"time":6.1,"angle":97.3},{"time":6.4,"angle":94.55,"curve":[0.25,0,0.298,1]},{"time":6.6333,"angle":97.3},{"time":6.8667,"angle":67.86},{"time":7.1,"angle":-20.92},{"time":7.4333,"angle":312.47}],"translate":[{"time":0,"x":0,"y":0}],"scale":[{"time":0,"x":1,"y":1}]},"BONE_BACK_LOWER_ARM":{"rotate":[{"time":0,"angle":6.69,"curve":[0.25,0,0.374,0.86]},{"time":0.4667,"angle":64.01},{"time":0.7,"angle":84.07,"curve":[0.25,0,0.51,1]},{"time":0.9333,"angle":40.57,"curve":[0.25,0,0.57,1]},{"time":1.2,"angle":90.1,"curve":[0.25,0,0.53,1]},{"time":1.4333,"angle":40.57,"curve":[0.25,0,0.298,1]},{"time":1.6667,"angle":90.1},{"time":1.9333,"angle":40.57,"curve":[0.25,0,0.298,1]},{"time":2.1667,"angle":90.1},{"time":2.4,"angle":40.57,"curve":[0.25,0,0.298,1]},{"time":2.7,"angle":90.1},{"time":2.9,"angle":40.57,"curve":[0.25,0,0.298,1]},{"time":3.1333,"angle":90.1},{"time":3.3333,"angle":40.57,"curve":[0.25,0,0.298,1]},{"time":3.5333,"angle":90.1},{"time":3.8,"angle":40.57,"curve":[0.25,0,0.298,1]},{"time":4.0333,"angle":90.1},{"time":4.3333,"angle":40.57,"curve":[0.25,0,0.298,1]},{"time":4.5667,"angle":90.1},{"time":4.8333,"angle":40.57,"curve":[0.25,0,0.298,1]},{"time":5.0667,"angle":90.1},{"time":5.3333,"angle":40.57,"curve":[0.25,0,0.298,1]},{"time":5.5667,"angle":90.1},{"time":5.8667,"angle":40.57,"curve":[0.25,0,0.298,1]},{"time":6.1,"angle":90.1},{"time":6.4,"angle":40.57,"curve":[0.25,0,0.298,1]},{"time":6.6333,"angle":90.1},{"time":6.8667,"angle":62.64},{"time":7.1,"angle":50.46}],"translate":[{"time":0,"x":0,"y":0,"curve":[0.25,0,0.374,0.86]},{"time":0.4667,"x":21.99,"y":34.57}],"scale":[{"time":0,"x":1,"y":1}]},"root":{"rotate":[{"time":0,"angle":0}],"translate":[{"time":0,"x":0,"y":0}],"scale":[{"time":0,"x":1,"y":1}]},"BONE_TORSO":{"rotate":[{"time":0,"angle":0},{"time":0.6667,"angle":1.44},{"time":1.5,"angle":0.05},{"time":4.2667,"angle":0.87}],"translate":[{"time":0,"x":0,"y":0}],"scale":[{"time":0,"x":1,"y":1}]},"BONE_HEAD":{"rotate":[{"time":0,"angle":0},{"time":1.2667,"angle":-4.37},{"time":2.4667,"angle":-0.59},{"time":4.2667,"angle":1.96},{"time":7.4333,"angle":-0.7}],"translate":[{"time":0,"x":0,"y":0}],"scale":[{"time":0,"x":1,"y":1}]},"BONE_FRONT_ARM":{"rotate":[{"time":0,"angle":0},{"time":0.5333,"angle":-4.18},{"time":2.6,"angle":-5.28},{"time":2.8,"angle":-6.59},{"time":7.4333,"angle":-1.5}],"translate":[{"time":0,"x":0,"y":0}],"scale":[{"time":0,"x":1,"y":1}]},"BONE_FRONT_LOWER_ARM":{"rotate":[{"time":0,"angle":0},{"time":2.4333,"angle":-2.09,"curve":[0.25,0,0.238,1]},{"time":3.4,"angle":-22.46},{"time":4.6667,"angle":-19.11}],"translate":[{"time":0,"x":0,"y":0}],"scale":[{"time":0,"x":1,"y":1}]},"BONE_PELVIS":{"rotate":[{"time":0,"angle":0}],"translate":[{"time":0,"x":0,"y":0}],"scale":[{"time":0,"x":1,"y":1}]},"BONE_FRONT_LEG":{"rotate":[{"time":0,"angle":0},{"time":0.6667,"angle":-1.84},{"time":4.2667,"angle":-0.3}],"translate":[{"time":0,"x":0,"y":0}],"scale":[{"time":0,"x":1,"y":1}]},"BONE_FRONT_FOOT":{"rotate":[{"time":0,"angle":0}],"translate":[{"time":0,"x":0,"y":0}],"scale":[{"time":0,"x":1,"y":1}]},"BONE_BACK_LEG":{"rotate":[{"time":0,"angle":0},{"time":0.6667,"angle":2.42},{"time":2.7,"angle":2.96},{"time":3.7667,"angle":8.3}],"translate":[{"time":0,"x":0,"y":0}],"scale":[{"time":0,"x":1,"y":1}]},"BONE_BACK_FOOT":{"rotate":[{"time":0,"angle":0},{"time":3.1333,"angle":-1.09},{"time":4,"angle":-4.58}],"translate":[{"time":0,"x":0,"y":0}],"scale":[{"time":0,"x":1,"y":1}]}}}}}