{"skeleton":{"hash":"YVu7tPYJ6LIcJQXba6HImH2s9bA","spine":"3.5.46","width":1711.15,"height":1505.93,"images":"./images/"},"bones":[{"name":"root"},{"name":"BONE_SHELL","parent":"root","length":128.87,"rotation":177.18,"x":67.07,"y":61.68},{"name":"BONE_BACK_FRONT_LEG","parent":"BONE_SHELL","length":143.21,"rotation":60.81,"x":282.13,"y":221.42},{"name":"BONE_BACK_FRONT_FOOT","parent":"BONE_BACK_FRONT_LEG","length":55.59,"rotation":-23,"x":165.41,"y":-4.02},{"name":"BONE_BACK_REAR_LEG","parent":"BONE_SHELL","length":171.58,"rotation":106.11,"x":-165.27,"y":140.15},{"name":"BONE_BACK_REAR_FOOT","parent":"BONE_BACK_REAR_LEG","length":40.87,"rotation":-28.37,"x":199.22,"y":-1.85},{"name":"BONE_HOUSE","parent":"BONE_SHELL","length":124.23,"rotation":-86.16,"x":63.66,"y":-19},{"name":"BONE_DWARF","parent":"BONE_HOUSE","length":62.1,"rotation":-1.02,"x":136.54,"y":565.46},{"name":"BONE_FRONT_LEG","parent":"BONE_SHELL","length":322.82,"rotation":61.67,"x":416.72,"y":80.62},{"name":"BONE_FRONT_FOOT","parent":"BONE_FRONT_LEG","length":104.39,"rotation":-17.98,"x":366.02,"y":4.83},{"name":"BONE_NECK","parent":"BONE_SHELL","length":168.57,"rotation":2.82,"x":492.27,"y":70.92},{"name":"BONE_HEAD","parent":"BONE_NECK","length":100.42,"rotation":-30.53,"x":290.56,"y":-66.54},{"name":"BONE_IRIS","parent":"BONE_HEAD","x":229.86,"y":-27.94},{"name":"BONE_REAR_LEG","parent":"BONE_SHELL","length":252.58,"rotation":107.44,"x":-321.78,"y":77.73},{"name":"BONE_REAR_FOOT","parent":"BONE_REAR_LEG","length":68.31,"rotation":-14.62,"x":281.25,"y":-4.34},{"name":"BONE_TAIL","parent":"BONE_SHELL","length":131.08,"rotation":-164.89,"x":-451.92,"y":35.72}],"slots":[{"name":"Back_Back_Leg","bone":"BONE_BACK_REAR_LEG","attachment":"Back_Back_Leg"},{"name":"Back_Back_Leg_Feet","bone":"BONE_BACK_REAR_FOOT","attachment":"Back_Back_Leg_Feet"},{"name":"Back_Front_Leg_Feet","bone":"BONE_BACK_FRONT_FOOT","attachment":"Back_Front_Leg_Feet"},{"name":"Back_Front_Leg","bone":"BONE_BACK_FRONT_LEG","attachment":"Back_Front_Leg"},{"name":"underbelly_shell","bone":"BONE_SHELL","attachment":"underbelly_shell"},{"name":"tail","bone":"BONE_TAIL","attachment":"tail"},{"name":"neck","bone":"BONE_NECK","attachment":"neck"},{"name":"Left_Front_Leg_Front","bone":"BONE_FRONT_FOOT","attachment":"Left_Front_Leg_Front"},{"name":"Left_Front_Leg","bone":"BONE_FRONT_LEG","attachment":"Left_Front_Leg"},{"name":"Right_Frong_Leg","bone":"BONE_REAR_LEG","attachment":"Right_Frong_Leg"},{"name":"Right_Front_Leg_Feet","bone":"BONE_REAR_FOOT","attachment":"Right_Front_Leg_Feet"},{"name":"shell","bone":"BONE_SHELL","attachment":"shell"},{"name":"dwarf","bone":"BONE_DWARF","attachment":"dwarf"},{"name":"house","bone":"BONE_HOUSE","attachment":"house"},{"name":"head_base_default","bone":"BONE_HEAD","attachment":"head_base_default"},{"name":"head_base_eat","bone":"BONE_HEAD","attachment":"head_base_eat"},{"name":"eye","bone":"BONE_HEAD","attachment":"eye"},{"name":"iris","bone":"BONE_IRIS","attachment":"iris"},{"name":"eyes_closed","bone":"BONE_HEAD","attachment":"eyes_closed"},{"name":"ropes","bone":"BONE_HOUSE","attachment":"ropes"}],"skins":{"default":{"Back_Back_Leg":{"Back_Back_Leg":{"x":105.29,"y":2.73,"rotation":76.7,"width":262,"height":207}},"Back_Back_Leg_Feet":{"Back_Back_Leg_Feet":{"x":15.68,"y":-3.8,"rotation":105.07,"width":172,"height":146}},"Back_Front_Leg":{"Back_Front_Leg":{"x":67.35,"y":18.44,"rotation":122.01,"width":217,"height":219}},"Back_Front_Leg_Feet":{"Back_Front_Leg_Feet":{"x":22.63,"y":-7.73,"rotation":145.01,"width":159,"height":115}},"Left_Front_Leg":{"Left_Front_Leg":{"type":"mesh","uvs":[0.86275,0.52955,0.56283,0.95923,0,0.92662,0.05592,0.50102,0.39142,0.02038,0.99999,0.2283],"triangles":[0,4,5,3,4,0,1,3,0,2,3,1],"vertices":[182.03,123.15,380.86,129.77,463.91,-33.11,307.39,-106.54,84.98,-113.95,54.87,98.25],"hull":6,"edges":[2,4,8,10,4,6,6,8,2,0,0,10],"width":324,"height":404}},"Left_Front_Leg_Front":{"Left_Front_Leg_Front":{"x":66.05,"y":-5.28,"rotation":139.13,"width":247,"height":172}},"Right_Frong_Leg":{"Right_Frong_Leg":{"type":"mesh","uvs":[0.77592,0.52302,1,1,0.22408,0.99999,0.09524,0.55312,0.08403,0.24081,0.77592,0.0387],"triangles":[4,5,0,3,4,0,2,3,0,2,0,1],"vertices":[171.98,85.13,365.37,102.77,307.79,-117.97,132.62,-111.42,16.04,-84.41,-7.51,131.96],"hull":6,"edges":[2,4,8,10,4,6,6,8,2,0,0,10],"width":294,"height":383}},"Right_Front_Leg_Feet":{"Right_Front_Leg_Feet":{"x":43.18,"y":7.67,"rotation":90,"width":245,"height":221}},"dwarf":{"dwarf":{"x":221.87,"y":-4.42,"rotation":-90,"width":182,"height":474}},"eye":{"eye":{"x":208.26,"y":-52.64,"rotation":-149.47,"width":163,"height":157}},"eyes_closed":{"eyes_closed":{"x":208.49,"y":-52.71,"rotation":-149.47,"width":135,"height":107}},"head_base_default":{"head_base_default":{"x":165.86,"y":-33.22,"rotation":-149.47,"width":339,"height":358}},"head_base_eat":{"head_base_eat":{"x":163.12,"y":-32.88,"rotation":-149.47,"width":339,"height":358}},"house":{"house":{"x":402.04,"y":28.95,"rotation":-91.02,"width":1255,"height":1124}},"iris":{"iris":{"x":1.17,"y":-1.92,"rotation":-149.47,"width":27,"height":32}},"neck":{"neck":{"type":"mesh","uvs":[0.99999,0.46718,0.96701,0.99999,0.4912,0.91654,0.24929,0.71625,0.00733,0.59236,0.32994,0.03756,0.46554,0.32131,0.69573,0.41728],"triangles":[4,5,6,3,4,6,7,3,6,2,3,7,1,7,0,2,7,1],"vertices":[-21.61,-76.7,-6.41,139.09,212.94,105.3,324.46,24.18,436,-26,287.28,-250.69,224.77,-135.77,118.65,-96.9],"hull":8,"edges":[6,8,8,10,2,4,4,6,2,0,0,14,10,12,12,14],"width":461,"height":405}},"ropes":{"ropes":{"type":"mesh","uvs":[1,0.47342,1,1,0,1,0,0.46545,0,0,1,0],"triangles":[3,4,5,3,5,0,2,3,0,2,0,1],"vertices":[-166.15,-327.03,-427.29,-322.37,-424.15,-146.4,-159.06,-151.13,71.77,-155.25,68.63,-331.23],"hull":6,"edges":[2,4,8,10,4,6,6,8,2,0,0,10],"width":176,"height":496}},"shell":{"shell":{"x":72.63,"y":-9.76,"rotation":-177.18,"width":1225,"height":644}},"tail":{"tail":{"x":67.95,"y":5.06,"rotation":-12.3,"width":230,"height":162}},"underbelly_shell":{"underbelly_shell":{"x":35.1,"y":171.84,"rotation":-177.18,"width":1135,"height":469}}}},"animations":{"Eating":{"slots":{"dwarf":{"color":[{"time":0,"color":"ffffffff"}]},"eyes_closed":{"color":[{"time":0,"color":"ffffff00","curve":"stepped"},{"time":1.5667,"color":"ffffff00","curve":"stepped"},{"time":3.2667,"color":"ffffff00"},{"time":3.5,"color":"ffffffff"},{"time":3.7,"color":"ffffff00","curve":"stepped"},{"time":7.8333,"color":"ffffff00"},{"time":8.0667,"color":"ffffffff"},{"time":8.2667,"color":"ffffff00","curve":"stepped"},{"time":11.4667,"color":"ffffff00"},{"time":11.7,"color":"ffffffff"},{"time":11.9,"color":"ffffff00"}]},"head_base_default":{"color":[{"time":0.0333,"color":"ffffff00","curve":"stepped"},{"time":0.1333,"color":"ffffff00"},{"time":0.1667,"color":"ffffffff","curve":"stepped"},{"time":0.3,"color":"ffffffff"},{"time":0.3333,"color":"ffffff00","curve":"stepped"},{"time":0.4667,"color":"ffffff00"},{"time":0.5,"color":"ffffffff"},{"time":0.5333,"color":"ffffff00","curve":"stepped"},{"time":0.6333,"color":"ffffff00"},{"time":0.6667,"color":"ffffffff","curve":"stepped"},{"time":0.8,"color":"ffffffff"},{"time":0.8333,"color":"ffffff00","curve":"stepped"},{"time":0.9667,"color":"ffffff00"},{"time":1,"color":"ffffffff"},{"time":1.0333,"color":"ffffff00","curve":"stepped"},{"time":1.1333,"color":"ffffff00"},{"time":1.1667,"color":"ffffffff","curve":"stepped"},{"time":1.3,"color":"ffffffff"},{"time":1.3333,"color":"ffffff00","curve":"stepped"},{"time":1.4667,"color":"ffffff00"},{"time":1.5,"color":"ffffffff"}]},"head_base_eat":{"color":[{"time":0,"color":"ffffff00"},{"time":0.0333,"color":"ffffffff","curve":"stepped"},{"time":0.1333,"color":"ffffffff"},{"time":0.1667,"color":"ffffff00","curve":"stepped"},{"time":0.3,"color":"ffffff00"},{"time":0.3333,"color":"ffffffff","curve":"stepped"},{"time":0.4667,"color":"ffffffff"},{"time":0.5,"color":"ffffff00"},{"time":0.5333,"color":"ffffffff","curve":"stepped"},{"time":0.6333,"color":"ffffffff"},{"time":0.6667,"color":"ffffff00","curve":"stepped"},{"time":0.8,"color":"ffffff00"},{"time":0.8333,"color":"ffffffff","curve":"stepped"},{"time":0.9667,"color":"ffffffff"},{"time":1,"color":"ffffff00"},{"time":1.0333,"color":"ffffffff","curve":"stepped"},{"time":1.1333,"color":"ffffffff"},{"time":1.1667,"color":"ffffff00","curve":"stepped"},{"time":1.3,"color":"ffffff00"},{"time":1.3333,"color":"ffffffff","curve":"stepped"},{"time":1.4667,"color":"ffffffff"},{"time":1.5,"color":"ffffff00","curve":"stepped"},{"time":1.5667,"color":"ffffff00"}]}},"bones":{"root":{"rotate":[{"time":0,"angle":0,"curve":"stepped"},{"time":5.6667,"angle":0,"curve":"stepped"},{"time":13.3333,"angle":0}],"translate":[{"time":0,"x":0,"y":0},{"time":3.1667,"x":0,"y":-4.13},{"time":5.6667,"x":0,"y":0},{"time":10.8333,"x":0,"y":-4.13},{"time":13.3333,"x":0,"y":0}],"scale":[{"time":0,"x":1,"y":1,"curve":"stepped"},{"time":5.6667,"x":1,"y":1,"curve":"stepped"},{"time":13.3333,"x":1,"y":1}]},"BONE_SHELL":{"rotate":[{"time":0,"angle":0},{"time":0.0667,"angle":-0.61},{"time":0.1667,"angle":-0.01},{"time":0.3,"angle":0.21},{"time":0.3333,"angle":-1.17},{"time":0.5,"angle":-0.53},{"time":0.6,"angle":-1.53},{"time":0.7667,"angle":-0.43,"curve":"stepped"},{"time":2,"angle":-0.43},{"time":5.6667,"angle":0},{"time":9.6667,"angle":-0.43},{"time":13.3333,"angle":0}],"translate":[{"time":0,"x":0,"y":0},{"time":3.1667,"x":0,"y":4.13},{"time":5.6667,"x":0,"y":0},{"time":10.8333,"x":0,"y":4.13},{"time":13.3333,"x":0,"y":0}],"scale":[{"time":0,"x":1,"y":1,"curve":"stepped"},{"time":5.6667,"x":1,"y":1,"curve":"stepped"},{"time":13.3333,"x":1,"y":1}]},"BONE_HOUSE":{"rotate":[{"time":0,"angle":0},{"time":2,"angle":-0.81},{"time":5.6667,"angle":0},{"time":9.6667,"angle":-0.78},{"time":13.3333,"angle":0}],"translate":[{"time":0,"x":0,"y":0,"curve":"stepped"},{"time":5.6667,"x":0,"y":0,"curve":"stepped"},{"time":13.3333,"x":0,"y":0}],"scale":[{"time":0,"x":1,"y":1,"curve":"stepped"},{"time":5.6667,"x":1,"y":1,"curve":"stepped"},{"time":13.3333,"x":1,"y":1}]},"BONE_DWARF":{"rotate":[{"time":0,"angle":0},{"time":2,"angle":2.45},{"time":5.6667,"angle":0},{"time":9.6667,"angle":-0.15},{"time":13.3333,"angle":0}],"translate":[{"time":0,"x":0,"y":0,"curve":"stepped"},{"time":5.6667,"x":0,"y":0,"curve":"stepped"},{"time":13.3333,"x":0,"y":0}],"scale":[{"time":0,"x":1,"y":1,"curve":"stepped"},{"time":5.6667,"x":1,"y":1,"curve":"stepped"},{"time":13.3333,"x":1,"y":1}]},"BONE_NECK":{"rotate":[{"time":0,"angle":0},{"time":2,"angle":-3.61},{"time":5.6667,"angle":0},{"time":9.6667,"angle":-5.98},{"time":13.3333,"angle":0}],"translate":[{"time":0,"x":0,"y":0},{"time":0.0667,"x":-26.31,"y":-1.24},{"time":0.2333,"x":0,"y":0},{"time":0.4667,"x":-26.32,"y":-0.91},{"time":0.5333,"x":0,"y":0,"curve":"stepped"},{"time":0.6667,"x":0,"y":0},{"time":0.7333,"x":-17.68,"y":-0.46},{"time":5.6667,"x":0,"y":0,"curve":"stepped"},{"time":13.3333,"x":0,"y":0}],"scale":[{"time":0,"x":1,"y":1,"curve":"stepped"},{"time":5.6667,"x":1,"y":1,"curve":"stepped"},{"time":13.3333,"x":1,"y":1}]},"BONE_HEAD":{"rotate":[{"time":0,"angle":0},{"time":0.0667,"angle":-3.63},{"time":0.3667,"angle":5.44},{"time":0.6,"angle":-9.41},{"time":0.8,"angle":-3.14},{"time":1.1,"angle":5.6},{"time":1.3,"angle":-1.61},{"time":1.5667,"angle":0},{"time":2,"angle":5.77},{"time":5.6667,"angle":0},{"time":9.6667,"angle":0.6},{"time":13.3333,"angle":0}],"translate":[{"time":0,"x":0,"y":0,"curve":"stepped"},{"time":1.5667,"x":0,"y":0,"curve":"stepped"},{"time":5.6667,"x":0,"y":0,"curve":"stepped"},{"time":13.3333,"x":0,"y":0}],"scale":[{"time":0,"x":1,"y":1,"curve":"stepped"},{"time":1.5667,"x":1,"y":1,"curve":"stepped"},{"time":5.6667,"x":1,"y":1,"curve":"stepped"},{"time":13.3333,"x":1,"y":1}]},"BONE_FRONT_LEG":{"rotate":[{"time":0,"angle":0},{"time":0.1333,"angle":1.99},{"time":0.3333,"angle":1.5},{"time":0.5,"angle":2.27},{"time":2,"angle":3.29},{"time":5.6667,"angle":0},{"time":9.6667,"angle":5.8},{"time":13.3333,"angle":0}],"translate":[{"time":0,"x":0,"y":0,"curve":"stepped"},{"time":5.6667,"x":0,"y":0,"curve":"stepped"},{"time":13.3333,"x":0,"y":0}],"scale":[{"time":0,"x":1,"y":1,"curve":"stepped"},{"time":5.6667,"x":1,"y":1,"curve":"stepped"},{"time":13.3333,"x":1,"y":1}]},"BONE_FRONT_FOOT":{"rotate":[{"time":0,"angle":0},{"time":0.1333,"angle":-9.47},{"time":0.3333,"angle":-6.6},{"time":2,"angle":-8.93},{"time":5.6667,"angle":-11.64},{"time":9.6667,"angle":-15.78},{"time":13.3333,"angle":0}],"translate":[{"time":0,"x":0,"y":0,"curve":"stepped"},{"time":5.6667,"x":0,"y":0,"curve":"stepped"},{"time":13.3333,"x":0,"y":0}],"scale":[{"time":0,"x":1,"y":1,"curve":"stepped"},{"time":5.6667,"x":1,"y":1,"curve":"stepped"},{"time":13.3333,"x":1,"y":1}]},"BONE_BACK_FRONT_LEG":{"rotate":[{"time":0,"angle":0},{"time":0.3333,"angle":4.98},{"time":0.5,"angle":8.17},{"time":0.6,"angle":4.14},{"time":2,"angle":5.67},{"time":5.6667,"angle":0},{"time":9.6667,"angle":5.67},{"time":13.3333,"angle":0}],"translate":[{"time":0,"x":0,"y":0,"curve":"stepped"},{"time":5.6667,"x":0,"y":0,"curve":"stepped"},{"time":13.3333,"x":0,"y":0}],"scale":[{"time":0,"x":1,"y":1,"curve":"stepped"},{"time":5.6667,"x":1,"y":1,"curve":"stepped"},{"time":13.3333,"x":1,"y":1}]},"BONE_BACK_FRONT_FOOT":{"rotate":[{"time":0,"angle":0},{"time":0.3333,"angle":-8.18},{"time":0.5,"angle":-15.39},{"time":2,"angle":-11.06},{"time":5.6667,"angle":0},{"time":9.6667,"angle":-11.06},{"time":13.3333,"angle":0}],"translate":[{"time":0,"x":0,"y":0,"curve":"stepped"},{"time":5.6667,"x":0,"y":0,"curve":"stepped"},{"time":13.3333,"x":0,"y":0}],"scale":[{"time":0,"x":1,"y":1,"curve":"stepped"},{"time":5.6667,"x":1,"y":1,"curve":"stepped"},{"time":13.3333,"x":1,"y":1}]},"BONE_REAR_LEG":{"rotate":[{"time":0,"angle":0},{"time":0.0667,"angle":3.1},{"time":0.1667,"angle":0.79},{"time":0.3333,"angle":5.87},{"time":0.5,"angle":6.62},{"time":0.6,"angle":5.62},{"time":2,"angle":0},{"time":5.6667,"angle":0},{"time":9.6667,"angle":2.3},{"time":13.3333,"angle":0}],"translate":[{"time":0,"x":0,"y":0,"curve":"stepped"},{"time":5.6667,"x":0,"y":0,"curve":"stepped"},{"time":13.3333,"x":0,"y":0}],"scale":[{"time":0,"x":1,"y":1,"curve":"stepped"},{"time":5.6667,"x":1,"y":1,"curve":"stepped"},{"time":13.3333,"x":1,"y":1}]},"BONE_REAR_FOOT":{"rotate":[{"time":0,"angle":0},{"time":0.0667,"angle":-9.76},{"time":0.1667,"angle":-6.06},{"time":0.3333,"angle":-15.65},{"time":0.5,"angle":-11.5},{"time":2,"angle":-5.3},{"time":5.6667,"angle":-7.43},{"time":9.6667,"angle":-9.78},{"time":13.3333,"angle":0}],"translate":[{"time":0,"x":0,"y":0,"curve":"stepped"},{"time":5.6667,"x":0,"y":0,"curve":"stepped"},{"time":13.3333,"x":0,"y":0}],"scale":[{"time":0,"x":1,"y":1,"curve":"stepped"},{"time":5.6667,"x":1,"y":1,"curve":"stepped"},{"time":13.3333,"x":1,"y":1}]},"BONE_BACK_REAR_LEG":{"rotate":[{"time":0,"angle":0},{"time":0.3333,"angle":5.37},{"time":0.5,"angle":2.82},{"time":0.6,"angle":0.66},{"time":2,"angle":2.51},{"time":5.6667,"angle":0},{"time":9.6667,"angle":2.51},{"time":13.3333,"angle":0}],"translate":[{"time":0,"x":0,"y":0,"curve":"stepped"},{"time":5.6667,"x":0,"y":0,"curve":"stepped"},{"time":13.3333,"x":0,"y":0}],"scale":[{"time":0,"x":1,"y":1,"curve":"stepped"},{"time":5.6667,"x":1,"y":1,"curve":"stepped"},{"time":13.3333,"x":1,"y":1}]},"BONE_BACK_REAR_FOOT":{"rotate":[{"time":0,"angle":0},{"time":0.5,"angle":5.34},{"time":2,"angle":-2.5},{"time":5.6667,"angle":0},{"time":9.6667,"angle":-2.5},{"time":13.3333,"angle":0}],"translate":[{"time":0,"x":0,"y":0,"curve":"stepped"},{"time":5.6667,"x":0,"y":0,"curve":"stepped"},{"time":13.3333,"x":0,"y":0}],"scale":[{"time":0,"x":1,"y":1,"curve":"stepped"},{"time":5.6667,"x":1,"y":1,"curve":"stepped"},{"time":13.3333,"x":1,"y":1}]},"BONE_TAIL":{"rotate":[{"time":0,"angle":0},{"time":2,"angle":1.02},{"time":5.6667,"angle":0},{"time":9.6667,"angle":-12.36},{"time":13.3333,"angle":0}],"translate":[{"time":0,"x":0,"y":0,"curve":"stepped"},{"time":5.6667,"x":0,"y":0,"curve":"stepped"},{"time":13.3333,"x":0,"y":0}],"scale":[{"time":0,"x":1,"y":1,"curve":"stepped"},{"time":5.6667,"x":1,"y":1,"curve":"stepped"},{"time":13.3333,"x":1,"y":1}]},"BONE_IRIS":{"rotate":[{"time":0,"angle":0,"curve":"stepped"},{"time":2.5667,"angle":0,"curve":"stepped"},{"time":7.0333,"angle":0,"curve":"stepped"},{"time":13.3333,"angle":0}],"translate":[{"time":0,"x":0,"y":0,"curve":"stepped"},{"time":2.5667,"x":0,"y":0},{"time":3.1,"x":10.63,"y":5.92},{"time":6.5,"x":11.19,"y":3.01},{"time":7.0333,"x":0,"y":0,"curve":"stepped"},{"time":13.3333,"x":0,"y":0}],"scale":[{"time":0,"x":1,"y":1,"curve":"stepped"},{"time":2.5667,"x":1,"y":1,"curve":"stepped"},{"time":7.0333,"x":1,"y":1,"curve":"stepped"},{"time":13.3333,"x":1,"y":1}]}},"deform":{"default":{"neck":{"neck":[{"time":0,"offset":10,"vertices":[-0.93787,-0.93597]},{"time":0.0667,"offset":4,"vertices":[-0.24823,28.9162,8.50241,19.9701,0,0,1.64531,1.3149]},{"time":0.2333,"offset":4,"vertices":[-14.68697,-22.40953,-6.56348,-10.50439,0,0,8.10325,6.94209]},{"time":0.3667,"offset":4,"vertices":[-0.96896,-1.49701,1.53701,-2.06402,0,0,13.54634,10.21504]},{"time":0.4,"offset":4,"vertices":[-1.08579,2.49768,0,0,0,0,14.90711,11.03328]},{"time":0.4667,"offset":4,"vertices":[3.02927,30.53841,14.77567,25.89672,0,0,-2.61416,18.40302]},{"time":0.5333,"offset":4,"vertices":[-1.44772,3.33024,0,0,0,0,-13.88575,17.02388,-5.53845,-8.65576]},{"time":0.6667,"offset":4,"vertices":[-0.08882,11.80539,-0.88284,-2.87153,0,0,-17.07277,12.36808,-3.6923,-5.77051]},{"time":0.7333,"offset":4,"vertices":[-10.947,-16.55965,-5.40347,-11.54362,0,0,-14.44123,12.03339,-2.76923,-4.32788]},{"time":0.8667,"offset":4,"vertices":[-13.71011,-7.59328,-3.87458,1.79141,0,0,-1.44972,6.49554,-3.37162,-4.058]},{"time":0.9333,"offset":4,"vertices":[-2.53351,5.82793,0,0,0,0,5.04604,3.72661,-3.67282,-3.92305]},{"time":1.1667,"offset":4,"vertices":[-0.5498,16.02161,1.82025,1.97656,0,0,6.54202,4.89226,-2.86939,-3.06489]},{"time":1.2333,"offset":4,"vertices":[-19.28002,-12.70261,-6.61904,-4.24802,0,0,6.96944,5.2253,-2.63984,-2.81969]},{"time":1.4333,"offset":4,"vertices":[-14.49084,-4.64495,-3.13916,-0.19747,0,0,8.25171,6.22442,-1.95119,-2.08412]},{"time":1.5,"offset":4,"vertices":[-22.68077,21.06342,7.65932,18.45342,0,0,8.67913,6.55747,-1.72163,-1.83893]},{"time":1.6333,"offset":4,"vertices":[-23.01596,-5.85644,-2.20741,0.71067,0,0,9.53397,7.22355,-1.26253,-1.34855]},{"time":2,"offset":10,"vertices":[11.8848,9.05528]},{"time":5.6667,"offset":10,"vertices":[-0.93787,-0.93597]},{"time":8.6,"offset":4,"vertices":[-2.53351,5.82793,0,0,0,0,5.04604,3.72661]},{"time":9.6667,"offset":2,"vertices":[-1.17087,16.57864,0,0,-2.55173,16.48104,0,0,11.8848,9.05528]},{"time":13.3333,"offset":10,"vertices":[-0.93787,-0.93597]}]},"ropes":{"ropes":[{"time":0,"vertices":[0.04703,2.63366,1.31696,-0.0235,2.68062,2.5866,-2.58643,2.68052,-0.04707,-2.63364,0.0235,1.31677]},{"time":1,"vertices":[-0.70293,5.50459,0.86524,-0.42695,1.99578,-4.21935,-5.34637,-22.28627,-0.03877,-2.16888,0.01935,1.0844]},{"time":2.5,"vertices":[-1.82787,9.81098,0.18766,-1.03211,0.96852,-14.42829,-0.17758,-26.52619,-0.02631,-1.47174,0.01313,0.73584]},{"time":5.6667,"vertices":[8.26692,20.06275,2.42018,9.07568,0.71273,-20.68016,-2.67387,10.5259]},{"time":7.6,"vertices":[9.85571,23.90685,0.92808,-0.1407,-9.47047,-26.52218,-6.89268,6.90551]},{"time":9.6667,"vertices":[-5.42439,-5.56122,11.00476,19.8367,21.50909,-9.14431,-4.10269,-24.5593]},{"time":13.3333,"vertices":[0.04703,2.63366,1.31696,-0.0235,2.68062,2.5866,-2.58643,2.68052,-0.04707,-2.63364,0.0235,1.31677]}]}}}},"Eating_no_dwarf":{"slots":{"dwarf":{"color":[{"time":0,"color":"ffffff00"}]},"eyes_closed":{"color":[{"time":0,"color":"ffffff00","curve":"stepped"},{"time":1.5667,"color":"ffffff00","curve":"stepped"},{"time":3.2667,"color":"ffffff00"},{"time":3.5,"color":"ffffffff"},{"time":3.7,"color":"ffffff00","curve":"stepped"},{"time":7.8333,"color":"ffffff00"},{"time":8.0667,"color":"ffffffff"},{"time":8.2667,"color":"ffffff00","curve":"stepped"},{"time":11.4667,"color":"ffffff00"},{"time":11.7,"color":"ffffffff"},{"time":11.9,"color":"ffffff00"}]},"head_base_default":{"color":[{"time":0.0333,"color":"ffffff00","curve":"stepped"},{"time":0.1333,"color":"ffffff00"},{"time":0.1667,"color":"ffffffff","curve":"stepped"},{"time":0.3,"color":"ffffffff"},{"time":0.3333,"color":"ffffff00","curve":"stepped"},{"time":0.4667,"color":"ffffff00"},{"time":0.5,"color":"ffffffff"},{"time":0.5333,"color":"ffffff00","curve":"stepped"},{"time":0.6333,"color":"ffffff00"},{"time":0.6667,"color":"ffffffff","curve":"stepped"},{"time":0.8,"color":"ffffffff"},{"time":0.8333,"color":"ffffff00","curve":"stepped"},{"time":0.9667,"color":"ffffff00"},{"time":1,"color":"ffffffff"},{"time":1.0333,"color":"ffffff00","curve":"stepped"},{"time":1.1333,"color":"ffffff00"},{"time":1.1667,"color":"ffffffff","curve":"stepped"},{"time":1.3,"color":"ffffffff"},{"time":1.3333,"color":"ffffff00","curve":"stepped"},{"time":1.4667,"color":"ffffff00"},{"time":1.5,"color":"ffffffff"}]},"head_base_eat":{"color":[{"time":0,"color":"ffffff00"},{"time":0.0333,"color":"ffffffff","curve":"stepped"},{"time":0.1333,"color":"ffffffff"},{"time":0.1667,"color":"ffffff00","curve":"stepped"},{"time":0.3,"color":"ffffff00"},{"time":0.3333,"color":"ffffffff","curve":"stepped"},{"time":0.4667,"color":"ffffffff"},{"time":0.5,"color":"ffffff00"},{"time":0.5333,"color":"ffffffff","curve":"stepped"},{"time":0.6333,"color":"ffffffff"},{"time":0.6667,"color":"ffffff00","curve":"stepped"},{"time":0.8,"color":"ffffff00"},{"time":0.8333,"color":"ffffffff","curve":"stepped"},{"time":0.9667,"color":"ffffffff"},{"time":1,"color":"ffffff00"},{"time":1.0333,"color":"ffffffff","curve":"stepped"},{"time":1.1333,"color":"ffffffff"},{"time":1.1667,"color":"ffffff00","curve":"stepped"},{"time":1.3,"color":"ffffff00"},{"time":1.3333,"color":"ffffffff","curve":"stepped"},{"time":1.4667,"color":"ffffffff"},{"time":1.5,"color":"ffffff00","curve":"stepped"},{"time":1.5667,"color":"ffffff00"}]}},"bones":{"root":{"rotate":[{"time":0,"angle":0,"curve":"stepped"},{"time":5.6667,"angle":0,"curve":"stepped"},{"time":13.3333,"angle":0}],"translate":[{"time":0,"x":0,"y":0},{"time":3.1667,"x":0,"y":-4.13},{"time":5.6667,"x":0,"y":0},{"time":10.8333,"x":0,"y":-4.13},{"time":13.3333,"x":0,"y":0}],"scale":[{"time":0,"x":1,"y":1,"curve":"stepped"},{"time":5.6667,"x":1,"y":1,"curve":"stepped"},{"time":13.3333,"x":1,"y":1}]},"BONE_SHELL":{"rotate":[{"time":0,"angle":0},{"time":0.0667,"angle":-0.61},{"time":0.1667,"angle":-0.01},{"time":0.3,"angle":0.21},{"time":0.3333,"angle":-1.17},{"time":0.5,"angle":-0.53},{"time":0.6,"angle":-1.53},{"time":0.7667,"angle":-0.43,"curve":"stepped"},{"time":2,"angle":-0.43},{"time":5.6667,"angle":0},{"time":9.6667,"angle":-0.43},{"time":13.3333,"angle":0}],"translate":[{"time":0,"x":0,"y":0},{"time":3.1667,"x":0,"y":4.13},{"time":5.6667,"x":0,"y":0},{"time":10.8333,"x":0,"y":4.13},{"time":13.3333,"x":0,"y":0}],"scale":[{"time":0,"x":1,"y":1,"curve":"stepped"},{"time":5.6667,"x":1,"y":1,"curve":"stepped"},{"time":13.3333,"x":1,"y":1}]},"BONE_HOUSE":{"rotate":[{"time":0,"angle":0},{"time":2,"angle":-0.81},{"time":5.6667,"angle":0},{"time":9.6667,"angle":-0.78},{"time":13.3333,"angle":0}],"translate":[{"time":0,"x":0,"y":0,"curve":"stepped"},{"time":5.6667,"x":0,"y":0,"curve":"stepped"},{"time":13.3333,"x":0,"y":0}],"scale":[{"time":0,"x":1,"y":1,"curve":"stepped"},{"time":5.6667,"x":1,"y":1,"curve":"stepped"},{"time":13.3333,"x":1,"y":1}]},"BONE_DWARF":{"rotate":[{"time":0,"angle":0},{"time":2,"angle":2.45},{"time":5.6667,"angle":0},{"time":9.6667,"angle":-0.15},{"time":13.3333,"angle":0}],"translate":[{"time":0,"x":0,"y":0,"curve":"stepped"},{"time":5.6667,"x":0,"y":0,"curve":"stepped"},{"time":13.3333,"x":0,"y":0}],"scale":[{"time":0,"x":1,"y":1,"curve":"stepped"},{"time":5.6667,"x":1,"y":1,"curve":"stepped"},{"time":13.3333,"x":1,"y":1}]},"BONE_NECK":{"rotate":[{"time":0,"angle":0},{"time":2,"angle":-3.61},{"time":5.6667,"angle":0},{"time":9.6667,"angle":-5.98},{"time":13.3333,"angle":0}],"translate":[{"time":0,"x":0,"y":0},{"time":0.0667,"x":-26.31,"y":-1.24},{"time":0.2333,"x":0,"y":0},{"time":0.4667,"x":-26.32,"y":-0.91},{"time":0.5333,"x":0,"y":0,"curve":"stepped"},{"time":0.6667,"x":0,"y":0},{"time":0.7333,"x":-17.68,"y":-0.46},{"time":5.6667,"x":0,"y":0,"curve":"stepped"},{"time":13.3333,"x":0,"y":0}],"scale":[{"time":0,"x":1,"y":1,"curve":"stepped"},{"time":5.6667,"x":1,"y":1,"curve":"stepped"},{"time":13.3333,"x":1,"y":1}]},"BONE_HEAD":{"rotate":[{"time":0,"angle":0},{"time":0.0667,"angle":-3.63},{"time":0.3667,"angle":5.44},{"time":0.6,"angle":-9.41},{"time":0.8,"angle":-3.14},{"time":1.1,"angle":5.6},{"time":1.3,"angle":-1.61},{"time":1.5667,"angle":0},{"time":2,"angle":5.77},{"time":5.6667,"angle":0},{"time":9.6667,"angle":0.6},{"time":13.3333,"angle":0}],"translate":[{"time":0,"x":0,"y":0,"curve":"stepped"},{"time":1.5667,"x":0,"y":0,"curve":"stepped"},{"time":5.6667,"x":0,"y":0,"curve":"stepped"},{"time":13.3333,"x":0,"y":0}],"scale":[{"time":0,"x":1,"y":1,"curve":"stepped"},{"time":1.5667,"x":1,"y":1,"curve":"stepped"},{"time":5.6667,"x":1,"y":1,"curve":"stepped"},{"time":13.3333,"x":1,"y":1}]},"BONE_FRONT_LEG":{"rotate":[{"time":0,"angle":0},{"time":0.1333,"angle":1.99},{"time":0.3333,"angle":1.5},{"time":0.5,"angle":2.27},{"time":2,"angle":3.29},{"time":5.6667,"angle":0},{"time":9.6667,"angle":5.8},{"time":13.3333,"angle":0}],"translate":[{"time":0,"x":0,"y":0,"curve":"stepped"},{"time":5.6667,"x":0,"y":0,"curve":"stepped"},{"time":13.3333,"x":0,"y":0}],"scale":[{"time":0,"x":1,"y":1,"curve":"stepped"},{"time":5.6667,"x":1,"y":1,"curve":"stepped"},{"time":13.3333,"x":1,"y":1}]},"BONE_FRONT_FOOT":{"rotate":[{"time":0,"angle":0},{"time":0.1333,"angle":-9.47},{"time":0.3333,"angle":-6.6},{"time":2,"angle":-8.93},{"time":5.6667,"angle":-11.64},{"time":9.6667,"angle":-15.78},{"time":13.3333,"angle":0}],"translate":[{"time":0,"x":0,"y":0,"curve":"stepped"},{"time":5.6667,"x":0,"y":0,"curve":"stepped"},{"time":13.3333,"x":0,"y":0}],"scale":[{"time":0,"x":1,"y":1,"curve":"stepped"},{"time":5.6667,"x":1,"y":1,"curve":"stepped"},{"time":13.3333,"x":1,"y":1}]},"BONE_BACK_FRONT_LEG":{"rotate":[{"time":0,"angle":0},{"time":0.3333,"angle":4.98},{"time":0.5,"angle":8.17},{"time":0.6,"angle":4.14},{"time":2,"angle":5.67},{"time":5.6667,"angle":0},{"time":9.6667,"angle":5.67},{"time":13.3333,"angle":0}],"translate":[{"time":0,"x":0,"y":0,"curve":"stepped"},{"time":5.6667,"x":0,"y":0,"curve":"stepped"},{"time":13.3333,"x":0,"y":0}],"scale":[{"time":0,"x":1,"y":1,"curve":"stepped"},{"time":5.6667,"x":1,"y":1,"curve":"stepped"},{"time":13.3333,"x":1,"y":1}]},"BONE_BACK_FRONT_FOOT":{"rotate":[{"time":0,"angle":0},{"time":0.3333,"angle":-8.18},{"time":0.5,"angle":-15.39},{"time":2,"angle":-11.06},{"time":5.6667,"angle":0},{"time":9.6667,"angle":-11.06},{"time":13.3333,"angle":0}],"translate":[{"time":0,"x":0,"y":0,"curve":"stepped"},{"time":5.6667,"x":0,"y":0,"curve":"stepped"},{"time":13.3333,"x":0,"y":0}],"scale":[{"time":0,"x":1,"y":1,"curve":"stepped"},{"time":5.6667,"x":1,"y":1,"curve":"stepped"},{"time":13.3333,"x":1,"y":1}]},"BONE_REAR_LEG":{"rotate":[{"time":0,"angle":0},{"time":0.0667,"angle":3.1},{"time":0.1667,"angle":0.79},{"time":0.3333,"angle":5.87},{"time":0.5,"angle":6.62},{"time":0.6,"angle":5.62},{"time":2,"angle":0},{"time":5.6667,"angle":0},{"time":9.6667,"angle":2.3},{"time":13.3333,"angle":0}],"translate":[{"time":0,"x":0,"y":0,"curve":"stepped"},{"time":5.6667,"x":0,"y":0,"curve":"stepped"},{"time":13.3333,"x":0,"y":0}],"scale":[{"time":0,"x":1,"y":1,"curve":"stepped"},{"time":5.6667,"x":1,"y":1,"curve":"stepped"},{"time":13.3333,"x":1,"y":1}]},"BONE_REAR_FOOT":{"rotate":[{"time":0,"angle":0},{"time":0.0667,"angle":-9.76},{"time":0.1667,"angle":-6.06},{"time":0.3333,"angle":-15.65},{"time":0.5,"angle":-11.5},{"time":2,"angle":-5.3},{"time":5.6667,"angle":-7.43},{"time":9.6667,"angle":-9.78},{"time":13.3333,"angle":0}],"translate":[{"time":0,"x":0,"y":0,"curve":"stepped"},{"time":5.6667,"x":0,"y":0,"curve":"stepped"},{"time":13.3333,"x":0,"y":0}],"scale":[{"time":0,"x":1,"y":1,"curve":"stepped"},{"time":5.6667,"x":1,"y":1,"curve":"stepped"},{"time":13.3333,"x":1,"y":1}]},"BONE_BACK_REAR_LEG":{"rotate":[{"time":0,"angle":0},{"time":0.3333,"angle":5.37},{"time":0.5,"angle":2.82},{"time":0.6,"angle":0.66},{"time":2,"angle":2.51},{"time":5.6667,"angle":0},{"time":9.6667,"angle":2.51},{"time":13.3333,"angle":0}],"translate":[{"time":0,"x":0,"y":0,"curve":"stepped"},{"time":5.6667,"x":0,"y":0,"curve":"stepped"},{"time":13.3333,"x":0,"y":0}],"scale":[{"time":0,"x":1,"y":1,"curve":"stepped"},{"time":5.6667,"x":1,"y":1,"curve":"stepped"},{"time":13.3333,"x":1,"y":1}]},"BONE_BACK_REAR_FOOT":{"rotate":[{"time":0,"angle":0},{"time":0.5,"angle":5.34},{"time":2,"angle":-2.5},{"time":5.6667,"angle":0},{"time":9.6667,"angle":-2.5},{"time":13.3333,"angle":0}],"translate":[{"time":0,"x":0,"y":0,"curve":"stepped"},{"time":5.6667,"x":0,"y":0,"curve":"stepped"},{"time":13.3333,"x":0,"y":0}],"scale":[{"time":0,"x":1,"y":1,"curve":"stepped"},{"time":5.6667,"x":1,"y":1,"curve":"stepped"},{"time":13.3333,"x":1,"y":1}]},"BONE_TAIL":{"rotate":[{"time":0,"angle":0},{"time":2,"angle":1.02},{"time":5.6667,"angle":0},{"time":9.6667,"angle":-12.36},{"time":13.3333,"angle":0}],"translate":[{"time":0,"x":0,"y":0,"curve":"stepped"},{"time":5.6667,"x":0,"y":0,"curve":"stepped"},{"time":13.3333,"x":0,"y":0}],"scale":[{"time":0,"x":1,"y":1,"curve":"stepped"},{"time":5.6667,"x":1,"y":1,"curve":"stepped"},{"time":13.3333,"x":1,"y":1}]},"BONE_IRIS":{"rotate":[{"time":0,"angle":0,"curve":"stepped"},{"time":2.5667,"angle":0,"curve":"stepped"},{"time":7.0333,"angle":0,"curve":"stepped"},{"time":13.3333,"angle":0}],"translate":[{"time":0,"x":0,"y":0,"curve":"stepped"},{"time":2.5667,"x":0,"y":0},{"time":3.1,"x":10.63,"y":5.92},{"time":6.5,"x":11.19,"y":3.01},{"time":7.0333,"x":0,"y":0,"curve":"stepped"},{"time":13.3333,"x":0,"y":0}],"scale":[{"time":0,"x":1,"y":1,"curve":"stepped"},{"time":2.5667,"x":1,"y":1,"curve":"stepped"},{"time":7.0333,"x":1,"y":1,"curve":"stepped"},{"time":13.3333,"x":1,"y":1}]}},"deform":{"default":{"neck":{"neck":[{"time":0,"offset":10,"vertices":[-0.93787,-0.93597]},{"time":0.0667,"offset":4,"vertices":[-0.24823,28.9162,8.50241,19.9701,0,0,1.64531,1.3149]},{"time":0.2333,"offset":4,"vertices":[-14.68697,-22.40953,-6.56348,-10.50439,0,0,8.10325,6.94209]},{"time":0.3667,"offset":4,"vertices":[-0.96896,-1.49701,1.53701,-2.06402,0,0,13.54634,10.21504]},{"time":0.4,"offset":4,"vertices":[-1.08579,2.49768,0,0,0,0,14.90711,11.03328]},{"time":0.4667,"offset":4,"vertices":[3.02927,30.53841,14.77567,25.89672,0,0,-2.61416,18.40302]},{"time":0.5333,"offset":4,"vertices":[-1.44772,3.33024,0,0,0,0,-13.88575,17.02388,-5.53845,-8.65576]},{"time":0.6667,"offset":4,"vertices":[-0.08882,11.80539,-0.88284,-2.87153,0,0,-17.07277,12.36808,-3.6923,-5.77051]},{"time":0.7333,"offset":4,"vertices":[-10.947,-16.55965,-5.40347,-11.54362,0,0,-14.44123,12.03339,-2.76923,-4.32788]},{"time":0.8667,"offset":4,"vertices":[-13.71011,-7.59328,-3.87458,1.79141,0,0,-1.44972,6.49554,-3.37162,-4.058]},{"time":0.9333,"offset":4,"vertices":[-2.53351,5.82793,0,0,0,0,5.04604,3.72661,-3.67282,-3.92305]},{"time":1.1667,"offset":4,"vertices":[-0.5498,16.02161,1.82025,1.97656,0,0,6.54202,4.89226,-2.86939,-3.06489]},{"time":1.2333,"offset":4,"vertices":[-19.28002,-12.70261,-6.61904,-4.24802,0,0,6.96944,5.2253,-2.63984,-2.81969]},{"time":1.4333,"offset":4,"vertices":[-14.49084,-4.64495,-3.13916,-0.19747,0,0,8.25171,6.22442,-1.95119,-2.08412]},{"time":1.5,"offset":4,"vertices":[-22.68077,21.06342,7.65932,18.45342,0,0,8.67913,6.55747,-1.72163,-1.83893]},{"time":1.6333,"offset":4,"vertices":[-23.01596,-5.85644,-2.20741,0.71067,0,0,9.53397,7.22355,-1.26253,-1.34855]},{"time":2,"offset":10,"vertices":[11.8848,9.05528]},{"time":5.6667,"offset":10,"vertices":[-0.93787,-0.93597]},{"time":8.6,"offset":4,"vertices":[-2.53351,5.82793,0,0,0,0,5.04604,3.72661]},{"time":9.6667,"offset":2,"vertices":[-1.17087,16.57864,0,0,-2.55173,16.48104,0,0,11.8848,9.05528]},{"time":13.3333,"offset":10,"vertices":[-0.93787,-0.93597]}]},"ropes":{"ropes":[{"time":0,"vertices":[0.04703,2.63366,1.31696,-0.0235,2.68062,2.5866,-2.58643,2.68052,-0.04707,-2.63364,0.0235,1.31677]},{"time":1,"vertices":[-0.70293,5.50459,0.86524,-0.42695,1.99578,-4.21935,-5.34637,-22.28627,-0.03877,-2.16888,0.01935,1.0844]},{"time":2.5,"vertices":[-1.82787,9.81098,0.18766,-1.03211,0.96852,-14.42829,-0.17758,-26.52619,-0.02631,-1.47174,0.01313,0.73584]},{"time":5.6667,"vertices":[8.26692,20.06275,2.42018,9.07568,0.71273,-20.68016,-2.67387,10.5259]},{"time":7.6,"vertices":[9.85571,23.90685,0.92808,-0.1407,-9.47047,-26.52218,-6.89268,6.90551]},{"time":9.6667,"vertices":[-5.42439,-5.56122,11.00476,19.8367,21.50909,-9.14431,-4.10269,-24.5593]},{"time":13.3333,"vertices":[0.04703,2.63366,1.31696,-0.0235,2.68062,2.5866,-2.58643,2.68052,-0.04707,-2.63364,0.0235,1.31677]}]}}}},"idle":{"slots":{"dwarf":{"color":[{"time":0,"color":"ffffffff"}]},"eyes_closed":{"color":[{"time":0,"color":"ffffff00","curve":"stepped"},{"time":3.2667,"color":"ffffff00"},{"time":3.5,"color":"ffffffff"},{"time":3.7,"color":"ffffff00","curve":"stepped"},{"time":7.8333,"color":"ffffff00"},{"time":8.0667,"color":"ffffffff"},{"time":8.2667,"color":"ffffff00","curve":"stepped"},{"time":11.4667,"color":"ffffff00"},{"time":11.7,"color":"ffffffff"},{"time":11.9,"color":"ffffff00"}]},"head_base_eat":{"color":[{"time":0,"color":"ffffff00"}]}},"bones":{"root":{"rotate":[{"time":0,"angle":0,"curve":"stepped"},{"time":5.6667,"angle":0,"curve":"stepped"},{"time":13.3333,"angle":0}],"translate":[{"time":0,"x":0,"y":0},{"time":3.1667,"x":0,"y":-4.13},{"time":5.6667,"x":0,"y":0},{"time":10.8333,"x":0,"y":-4.13},{"time":13.3333,"x":0,"y":0}],"scale":[{"time":0,"x":1,"y":1,"curve":"stepped"},{"time":5.6667,"x":1,"y":1,"curve":"stepped"},{"time":13.3333,"x":1,"y":1}]},"BONE_SHELL":{"rotate":[{"time":0,"angle":0},{"time":2,"angle":-0.43},{"time":5.6667,"angle":0},{"time":9.6667,"angle":-0.43},{"time":13.3333,"angle":0}],"translate":[{"time":0,"x":0,"y":0},{"time":3.1667,"x":0,"y":4.13},{"time":5.6667,"x":0,"y":0},{"time":10.8333,"x":0,"y":4.13},{"time":13.3333,"x":0,"y":0}],"scale":[{"time":0,"x":1,"y":1,"curve":"stepped"},{"time":5.6667,"x":1,"y":1,"curve":"stepped"},{"time":13.3333,"x":1,"y":1}]},"BONE_HOUSE":{"rotate":[{"time":0,"angle":0},{"time":2,"angle":-0.81},{"time":5.6667,"angle":0},{"time":9.6667,"angle":-0.78},{"time":13.3333,"angle":0}],"translate":[{"time":0,"x":0,"y":0,"curve":"stepped"},{"time":5.6667,"x":0,"y":0,"curve":"stepped"},{"time":13.3333,"x":0,"y":0}],"scale":[{"time":0,"x":1,"y":1,"curve":"stepped"},{"time":5.6667,"x":1,"y":1,"curve":"stepped"},{"time":13.3333,"x":1,"y":1}]},"BONE_DWARF":{"rotate":[{"time":0,"angle":0},{"time":2,"angle":2.45},{"time":5.6667,"angle":0},{"time":9.6667,"angle":-0.15},{"time":13.3333,"angle":0}],"translate":[{"time":0,"x":0,"y":0,"curve":"stepped"},{"time":5.6667,"x":0,"y":0,"curve":"stepped"},{"time":13.3333,"x":0,"y":0}],"scale":[{"time":0,"x":1,"y":1,"curve":"stepped"},{"time":5.6667,"x":1,"y":1,"curve":"stepped"},{"time":13.3333,"x":1,"y":1}]},"BONE_NECK":{"rotate":[{"time":0,"angle":0},{"time":2,"angle":-3.61},{"time":5.6667,"angle":0},{"time":9.6667,"angle":-5.98},{"time":13.3333,"angle":0}],"translate":[{"time":0,"x":0,"y":0,"curve":"stepped"},{"time":5.6667,"x":0,"y":0,"curve":"stepped"},{"time":13.3333,"x":0,"y":0}],"scale":[{"time":0,"x":1,"y":1,"curve":"stepped"},{"time":5.6667,"x":1,"y":1,"curve":"stepped"},{"time":13.3333,"x":1,"y":1}]},"BONE_HEAD":{"rotate":[{"time":0,"angle":0},{"time":2,"angle":5.77},{"time":5.6667,"angle":0},{"time":9.6667,"angle":0.6},{"time":13.3333,"angle":0}],"translate":[{"time":0,"x":0,"y":0,"curve":"stepped"},{"time":5.6667,"x":0,"y":0,"curve":"stepped"},{"time":13.3333,"x":0,"y":0}],"scale":[{"time":0,"x":1,"y":1,"curve":"stepped"},{"time":5.6667,"x":1,"y":1,"curve":"stepped"},{"time":13.3333,"x":1,"y":1}]},"BONE_FRONT_LEG":{"rotate":[{"time":0,"angle":0},{"time":2,"angle":3.29},{"time":5.6667,"angle":0},{"time":9.6667,"angle":5.8},{"time":13.3333,"angle":0}],"translate":[{"time":0,"x":0,"y":0,"curve":"stepped"},{"time":5.6667,"x":0,"y":0,"curve":"stepped"},{"time":13.3333,"x":0,"y":0}],"scale":[{"time":0,"x":1,"y":1,"curve":"stepped"},{"time":5.6667,"x":1,"y":1,"curve":"stepped"},{"time":13.3333,"x":1,"y":1}]},"BONE_FRONT_FOOT":{"rotate":[{"time":0,"angle":0},{"time":2,"angle":-8.93},{"time":5.6667,"angle":-11.64},{"time":9.6667,"angle":-15.78},{"time":13.3333,"angle":0}],"translate":[{"time":0,"x":0,"y":0,"curve":"stepped"},{"time":5.6667,"x":0,"y":0,"curve":"stepped"},{"time":13.3333,"x":0,"y":0}],"scale":[{"time":0,"x":1,"y":1,"curve":"stepped"},{"time":5.6667,"x":1,"y":1,"curve":"stepped"},{"time":13.3333,"x":1,"y":1}]},"BONE_BACK_FRONT_LEG":{"rotate":[{"time":0,"angle":0},{"time":2,"angle":5.67},{"time":5.6667,"angle":0},{"time":9.6667,"angle":5.67},{"time":13.3333,"angle":0}],"translate":[{"time":0,"x":0,"y":0,"curve":"stepped"},{"time":5.6667,"x":0,"y":0,"curve":"stepped"},{"time":13.3333,"x":0,"y":0}],"scale":[{"time":0,"x":1,"y":1,"curve":"stepped"},{"time":5.6667,"x":1,"y":1,"curve":"stepped"},{"time":13.3333,"x":1,"y":1}]},"BONE_BACK_FRONT_FOOT":{"rotate":[{"time":0,"angle":0},{"time":2,"angle":-11.06},{"time":5.6667,"angle":0},{"time":9.6667,"angle":-11.06},{"time":13.3333,"angle":0}],"translate":[{"time":0,"x":0,"y":0,"curve":"stepped"},{"time":5.6667,"x":0,"y":0,"curve":"stepped"},{"time":13.3333,"x":0,"y":0}],"scale":[{"time":0,"x":1,"y":1,"curve":"stepped"},{"time":5.6667,"x":1,"y":1,"curve":"stepped"},{"time":13.3333,"x":1,"y":1}]},"BONE_REAR_LEG":{"rotate":[{"time":0,"angle":0},{"time":2,"angle":0},{"time":5.6667,"angle":0},{"time":9.6667,"angle":2.3},{"time":13.3333,"angle":0}],"translate":[{"time":0,"x":0,"y":0,"curve":"stepped"},{"time":5.6667,"x":0,"y":0,"curve":"stepped"},{"time":13.3333,"x":0,"y":0}],"scale":[{"time":0,"x":1,"y":1,"curve":"stepped"},{"time":5.6667,"x":1,"y":1,"curve":"stepped"},{"time":13.3333,"x":1,"y":1}]},"BONE_REAR_FOOT":{"rotate":[{"time":0,"angle":0},{"time":2,"angle":-5.3},{"time":5.6667,"angle":-7.43},{"time":9.6667,"angle":-9.78},{"time":13.3333,"angle":0}],"translate":[{"time":0,"x":0,"y":0,"curve":"stepped"},{"time":5.6667,"x":0,"y":0,"curve":"stepped"},{"time":13.3333,"x":0,"y":0}],"scale":[{"time":0,"x":1,"y":1,"curve":"stepped"},{"time":5.6667,"x":1,"y":1,"curve":"stepped"},{"time":13.3333,"x":1,"y":1}]},"BONE_BACK_REAR_LEG":{"rotate":[{"time":0,"angle":0},{"time":2,"angle":2.51},{"time":5.6667,"angle":0},{"time":9.6667,"angle":2.51},{"time":13.3333,"angle":0}],"translate":[{"time":0,"x":0,"y":0,"curve":"stepped"},{"time":5.6667,"x":0,"y":0,"curve":"stepped"},{"time":13.3333,"x":0,"y":0}],"scale":[{"time":0,"x":1,"y":1,"curve":"stepped"},{"time":5.6667,"x":1,"y":1,"curve":"stepped"},{"time":13.3333,"x":1,"y":1}]},"BONE_BACK_REAR_FOOT":{"rotate":[{"time":0,"angle":0},{"time":2,"angle":-2.5},{"time":5.6667,"angle":0},{"time":9.6667,"angle":-2.5},{"time":13.3333,"angle":0}],"translate":[{"time":0,"x":0,"y":0,"curve":"stepped"},{"time":5.6667,"x":0,"y":0,"curve":"stepped"},{"time":13.3333,"x":0,"y":0}],"scale":[{"time":0,"x":1,"y":1,"curve":"stepped"},{"time":5.6667,"x":1,"y":1,"curve":"stepped"},{"time":13.3333,"x":1,"y":1}]},"BONE_TAIL":{"rotate":[{"time":0,"angle":0},{"time":2,"angle":1.02},{"time":5.6667,"angle":0},{"time":9.6667,"angle":-12.36},{"time":13.3333,"angle":0}],"translate":[{"time":0,"x":0,"y":0,"curve":"stepped"},{"time":5.6667,"x":0,"y":0,"curve":"stepped"},{"time":13.3333,"x":0,"y":0}],"scale":[{"time":0,"x":1,"y":1,"curve":"stepped"},{"time":5.6667,"x":1,"y":1,"curve":"stepped"},{"time":13.3333,"x":1,"y":1}]},"BONE_IRIS":{"rotate":[{"time":0,"angle":0,"curve":"stepped"},{"time":2.5667,"angle":0,"curve":"stepped"},{"time":7.0333,"angle":0,"curve":"stepped"},{"time":13.3333,"angle":0}],"translate":[{"time":0,"x":0,"y":0,"curve":"stepped"},{"time":2.5667,"x":0,"y":0},{"time":3.1,"x":10.63,"y":5.92},{"time":6.5,"x":11.19,"y":3.01},{"time":7.0333,"x":0,"y":0,"curve":"stepped"},{"time":13.3333,"x":0,"y":0}],"scale":[{"time":0,"x":1,"y":1,"curve":"stepped"},{"time":2.5667,"x":1,"y":1,"curve":"stepped"},{"time":7.0333,"x":1,"y":1,"curve":"stepped"},{"time":13.3333,"x":1,"y":1}]}},"deform":{"default":{"neck":{"neck":[{"time":0,"offset":10,"vertices":[-0.93787,-0.93597]},{"time":0.9333,"offset":4,"vertices":[-2.53351,5.82793,0,0,0,0,5.04604,3.72661]},{"time":2,"offset":10,"vertices":[11.8848,9.05528]},{"time":5.6667,"offset":10,"vertices":[-0.93787,-0.93597]},{"time":8.6,"offset":4,"vertices":[-2.53351,5.82793,0,0,0,0,5.04604,3.72661]},{"time":9.6667,"offset":2,"vertices":[-1.17087,16.57864,0,0,-2.55173,16.48104,0,0,11.8848,9.05528]},{"time":13.3333,"offset":10,"vertices":[-0.93787,-0.93597]}]},"ropes":{"ropes":[{"time":0,"vertices":[0.04703,2.63366,1.31696,-0.0235,2.68062,2.5866,-2.58643,2.68052,-0.04707,-2.63364,0.0235,1.31677]},{"time":1,"vertices":[-0.70293,5.50459,0.86524,-0.42695,1.99578,-4.21935,-5.34637,-22.28627,-0.03877,-2.16888,0.01935,1.0844]},{"time":2.5,"vertices":[-1.82787,9.81098,0.18766,-1.03211,0.96852,-14.42829,-0.17758,-26.52619,-0.02631,-1.47174,0.01313,0.73584]},{"time":5.6667,"vertices":[8.26692,20.06275,2.42018,9.07568,0.71273,-20.68016,-2.67387,10.5259]},{"time":7.6,"vertices":[9.85571,23.90685,0.92808,-0.1407,-9.47047,-26.52218,-6.89268,6.90551]},{"time":9.6667,"vertices":[-5.42439,-5.56122,11.00476,19.8367,21.50909,-9.14431,-4.10269,-24.5593]},{"time":13.3333,"vertices":[0.04703,2.63366,1.31696,-0.0235,2.68062,2.5866,-2.58643,2.68052,-0.04707,-2.63364,0.0235,1.31677]}]}}}},"idle_no_dwarf":{"slots":{"dwarf":{"color":[{"time":0,"color":"ffffff00"}]},"eyes_closed":{"color":[{"time":0,"color":"ffffff00","curve":"stepped"},{"time":3.2667,"color":"ffffff00"},{"time":3.5,"color":"ffffffff"},{"time":3.7,"color":"ffffff00","curve":"stepped"},{"time":7.8333,"color":"ffffff00"},{"time":8.0667,"color":"ffffffff"},{"time":8.2667,"color":"ffffff00","curve":"stepped"},{"time":11.4667,"color":"ffffff00"},{"time":11.7,"color":"ffffffff"},{"time":11.9,"color":"ffffff00"}]},"head_base_eat":{"color":[{"time":0,"color":"ffffff00"}]}},"bones":{"root":{"rotate":[{"time":0,"angle":0,"curve":"stepped"},{"time":5.6667,"angle":0,"curve":"stepped"},{"time":13.3333,"angle":0}],"translate":[{"time":0,"x":0,"y":0},{"time":3.1667,"x":0,"y":-4.13},{"time":5.6667,"x":0,"y":0},{"time":10.8333,"x":0,"y":-4.13},{"time":13.3333,"x":0,"y":0}],"scale":[{"time":0,"x":1,"y":1,"curve":"stepped"},{"time":5.6667,"x":1,"y":1,"curve":"stepped"},{"time":13.3333,"x":1,"y":1}]},"BONE_SHELL":{"rotate":[{"time":0,"angle":0},{"time":2,"angle":-0.43},{"time":5.6667,"angle":0},{"time":9.6667,"angle":-0.43},{"time":13.3333,"angle":0}],"translate":[{"time":0,"x":0,"y":0},{"time":3.1667,"x":0,"y":4.13},{"time":5.6667,"x":0,"y":0},{"time":10.8333,"x":0,"y":4.13},{"time":13.3333,"x":0,"y":0}],"scale":[{"time":0,"x":1,"y":1,"curve":"stepped"},{"time":5.6667,"x":1,"y":1,"curve":"stepped"},{"time":13.3333,"x":1,"y":1}]},"BONE_HOUSE":{"rotate":[{"time":0,"angle":0},{"time":2,"angle":-0.81},{"time":5.6667,"angle":0},{"time":9.6667,"angle":-0.78},{"time":13.3333,"angle":0}],"translate":[{"time":0,"x":0,"y":0,"curve":"stepped"},{"time":5.6667,"x":0,"y":0,"curve":"stepped"},{"time":13.3333,"x":0,"y":0}],"scale":[{"time":0,"x":1,"y":1,"curve":"stepped"},{"time":5.6667,"x":1,"y":1,"curve":"stepped"},{"time":13.3333,"x":1,"y":1}]},"BONE_DWARF":{"rotate":[{"time":0,"angle":0},{"time":2,"angle":2.45},{"time":5.6667,"angle":0},{"time":9.6667,"angle":-0.15},{"time":13.3333,"angle":0}],"translate":[{"time":0,"x":0,"y":0,"curve":"stepped"},{"time":5.6667,"x":0,"y":0,"curve":"stepped"},{"time":13.3333,"x":0,"y":0}],"scale":[{"time":0,"x":1,"y":1,"curve":"stepped"},{"time":5.6667,"x":1,"y":1,"curve":"stepped"},{"time":13.3333,"x":1,"y":1}]},"BONE_NECK":{"rotate":[{"time":0,"angle":0},{"time":2,"angle":-3.61},{"time":5.6667,"angle":0},{"time":9.6667,"angle":-5.98},{"time":13.3333,"angle":0}],"translate":[{"time":0,"x":0,"y":0,"curve":"stepped"},{"time":5.6667,"x":0,"y":0,"curve":"stepped"},{"time":13.3333,"x":0,"y":0}],"scale":[{"time":0,"x":1,"y":1,"curve":"stepped"},{"time":5.6667,"x":1,"y":1,"curve":"stepped"},{"time":13.3333,"x":1,"y":1}]},"BONE_HEAD":{"rotate":[{"time":0,"angle":0},{"time":2,"angle":5.77},{"time":5.6667,"angle":0},{"time":9.6667,"angle":0.6},{"time":13.3333,"angle":0}],"translate":[{"time":0,"x":0,"y":0,"curve":"stepped"},{"time":5.6667,"x":0,"y":0,"curve":"stepped"},{"time":13.3333,"x":0,"y":0}],"scale":[{"time":0,"x":1,"y":1,"curve":"stepped"},{"time":5.6667,"x":1,"y":1,"curve":"stepped"},{"time":13.3333,"x":1,"y":1}]},"BONE_FRONT_LEG":{"rotate":[{"time":0,"angle":0},{"time":2,"angle":3.29},{"time":5.6667,"angle":0},{"time":9.6667,"angle":5.8},{"time":13.3333,"angle":0}],"translate":[{"time":0,"x":0,"y":0,"curve":"stepped"},{"time":5.6667,"x":0,"y":0,"curve":"stepped"},{"time":13.3333,"x":0,"y":0}],"scale":[{"time":0,"x":1,"y":1,"curve":"stepped"},{"time":5.6667,"x":1,"y":1,"curve":"stepped"},{"time":13.3333,"x":1,"y":1}]},"BONE_FRONT_FOOT":{"rotate":[{"time":0,"angle":0},{"time":2,"angle":-8.93},{"time":5.6667,"angle":-11.64},{"time":9.6667,"angle":-15.78},{"time":13.3333,"angle":0}],"translate":[{"time":0,"x":0,"y":0,"curve":"stepped"},{"time":5.6667,"x":0,"y":0,"curve":"stepped"},{"time":13.3333,"x":0,"y":0}],"scale":[{"time":0,"x":1,"y":1,"curve":"stepped"},{"time":5.6667,"x":1,"y":1,"curve":"stepped"},{"time":13.3333,"x":1,"y":1}]},"BONE_BACK_FRONT_LEG":{"rotate":[{"time":0,"angle":0},{"time":2,"angle":5.67},{"time":5.6667,"angle":0},{"time":9.6667,"angle":5.67},{"time":13.3333,"angle":0}],"translate":[{"time":0,"x":0,"y":0,"curve":"stepped"},{"time":5.6667,"x":0,"y":0,"curve":"stepped"},{"time":13.3333,"x":0,"y":0}],"scale":[{"time":0,"x":1,"y":1,"curve":"stepped"},{"time":5.6667,"x":1,"y":1,"curve":"stepped"},{"time":13.3333,"x":1,"y":1}]},"BONE_BACK_FRONT_FOOT":{"rotate":[{"time":0,"angle":0},{"time":2,"angle":-11.06},{"time":5.6667,"angle":0},{"time":9.6667,"angle":-11.06},{"time":13.3333,"angle":0}],"translate":[{"time":0,"x":0,"y":0,"curve":"stepped"},{"time":5.6667,"x":0,"y":0,"curve":"stepped"},{"time":13.3333,"x":0,"y":0}],"scale":[{"time":0,"x":1,"y":1,"curve":"stepped"},{"time":5.6667,"x":1,"y":1,"curve":"stepped"},{"time":13.3333,"x":1,"y":1}]},"BONE_REAR_LEG":{"rotate":[{"time":0,"angle":0},{"time":2,"angle":0},{"time":5.6667,"angle":0},{"time":9.6667,"angle":2.3},{"time":13.3333,"angle":0}],"translate":[{"time":0,"x":0,"y":0,"curve":"stepped"},{"time":5.6667,"x":0,"y":0,"curve":"stepped"},{"time":13.3333,"x":0,"y":0}],"scale":[{"time":0,"x":1,"y":1,"curve":"stepped"},{"time":5.6667,"x":1,"y":1,"curve":"stepped"},{"time":13.3333,"x":1,"y":1}]},"BONE_REAR_FOOT":{"rotate":[{"time":0,"angle":0},{"time":2,"angle":-5.3},{"time":5.6667,"angle":-7.43},{"time":9.6667,"angle":-9.78},{"time":13.3333,"angle":0}],"translate":[{"time":0,"x":0,"y":0,"curve":"stepped"},{"time":5.6667,"x":0,"y":0,"curve":"stepped"},{"time":13.3333,"x":0,"y":0}],"scale":[{"time":0,"x":1,"y":1,"curve":"stepped"},{"time":5.6667,"x":1,"y":1,"curve":"stepped"},{"time":13.3333,"x":1,"y":1}]},"BONE_BACK_REAR_LEG":{"rotate":[{"time":0,"angle":0},{"time":2,"angle":2.51},{"time":5.6667,"angle":0},{"time":9.6667,"angle":2.51},{"time":13.3333,"angle":0}],"translate":[{"time":0,"x":0,"y":0,"curve":"stepped"},{"time":5.6667,"x":0,"y":0,"curve":"stepped"},{"time":13.3333,"x":0,"y":0}],"scale":[{"time":0,"x":1,"y":1,"curve":"stepped"},{"time":5.6667,"x":1,"y":1,"curve":"stepped"},{"time":13.3333,"x":1,"y":1}]},"BONE_BACK_REAR_FOOT":{"rotate":[{"time":0,"angle":0},{"time":2,"angle":-2.5},{"time":5.6667,"angle":0},{"time":9.6667,"angle":-2.5},{"time":13.3333,"angle":0}],"translate":[{"time":0,"x":0,"y":0,"curve":"stepped"},{"time":5.6667,"x":0,"y":0,"curve":"stepped"},{"time":13.3333,"x":0,"y":0}],"scale":[{"time":0,"x":1,"y":1,"curve":"stepped"},{"time":5.6667,"x":1,"y":1,"curve":"stepped"},{"time":13.3333,"x":1,"y":1}]},"BONE_TAIL":{"rotate":[{"time":0,"angle":0},{"time":2,"angle":1.02},{"time":5.6667,"angle":0},{"time":9.6667,"angle":-12.36},{"time":13.3333,"angle":0}],"translate":[{"time":0,"x":0,"y":0,"curve":"stepped"},{"time":5.6667,"x":0,"y":0,"curve":"stepped"},{"time":13.3333,"x":0,"y":0}],"scale":[{"time":0,"x":1,"y":1,"curve":"stepped"},{"time":5.6667,"x":1,"y":1,"curve":"stepped"},{"time":13.3333,"x":1,"y":1}]},"BONE_IRIS":{"rotate":[{"time":0,"angle":0,"curve":"stepped"},{"time":2.5667,"angle":0,"curve":"stepped"},{"time":7.0333,"angle":0,"curve":"stepped"},{"time":13.3333,"angle":0}],"translate":[{"time":0,"x":0,"y":0,"curve":"stepped"},{"time":2.5667,"x":0,"y":0},{"time":3.1,"x":10.63,"y":5.92},{"time":6.5,"x":11.19,"y":3.01},{"time":7.0333,"x":0,"y":0,"curve":"stepped"},{"time":13.3333,"x":0,"y":0}],"scale":[{"time":0,"x":1,"y":1,"curve":"stepped"},{"time":2.5667,"x":1,"y":1,"curve":"stepped"},{"time":7.0333,"x":1,"y":1,"curve":"stepped"},{"time":13.3333,"x":1,"y":1}]}},"deform":{"default":{"neck":{"neck":[{"time":0,"offset":10,"vertices":[-0.93787,-0.93597]},{"time":0.9333,"offset":4,"vertices":[-2.53351,5.82793,0,0,0,0,5.04604,3.72661]},{"time":2,"offset":10,"vertices":[11.8848,9.05528]},{"time":5.6667,"offset":10,"vertices":[-0.93787,-0.93597]},{"time":8.6,"offset":4,"vertices":[-2.53351,5.82793,0,0,0,0,5.04604,3.72661]},{"time":9.6667,"offset":2,"vertices":[-1.17087,16.57864,0,0,-2.55173,16.48104,0,0,11.8848,9.05528]},{"time":13.3333,"offset":10,"vertices":[-0.93787,-0.93597]}]},"ropes":{"ropes":[{"time":0,"vertices":[0.04703,2.63366,1.31696,-0.0235,2.68062,2.5866,-2.58643,2.68052,-0.04707,-2.63364,0.0235,1.31677]},{"time":1,"vertices":[-0.70293,5.50459,0.86524,-0.42695,1.99578,-4.21935,-5.34637,-22.28627,-0.03877,-2.16888,0.01935,1.0844]},{"time":2.5,"vertices":[-1.82787,9.81098,0.18766,-1.03211,0.96852,-14.42829,-0.17758,-26.52619,-0.02631,-1.47174,0.01313,0.73584]},{"time":5.6667,"vertices":[8.26692,20.06275,2.42018,9.07568,0.71273,-20.68016,-2.67387,10.5259]},{"time":7.6,"vertices":[9.85571,23.90685,0.92808,-0.1407,-9.47047,-26.52218,-6.89268,6.90551]},{"time":9.6667,"vertices":[-5.42439,-5.56122,11.00476,19.8367,21.50909,-9.14431,-4.10269,-24.5593]},{"time":13.3333,"vertices":[0.04703,2.63366,1.31696,-0.0235,2.68062,2.5866,-2.58643,2.68052,-0.04707,-2.63364,0.0235,1.31677]}]}}}},"walk":{"slots":{"dwarf":{"color":[{"time":0,"color":"ffffffff"}]},"eyes_closed":{"color":[{"time":0,"color":"ffffff00","curve":"stepped"},{"time":1.7,"color":"ffffff00"}]},"head_base_eat":{"color":[{"time":0,"color":"ffffff00","curve":"stepped"},{"time":1.7,"color":"ffffff00"}]}},"bones":{"BONE_TAIL":{"rotate":[{"time":0,"angle":0},{"time":0.4,"angle":12.82},{"time":0.9667,"angle":-7.51},{"time":1.7,"angle":0}],"translate":[{"time":0,"x":0,"y":0,"curve":"stepped"},{"time":1.7,"x":0,"y":0}],"scale":[{"time":0,"x":1,"y":1,"curve":"stepped"},{"time":1.7,"x":1,"y":1}]},"BONE_REAR_LEG":{"rotate":[{"time":0,"angle":14.25},{"time":0.1667,"angle":27.08},{"time":1.4,"angle":-38.6},{"time":1.7,"angle":14.25}],"translate":[{"time":0,"x":0,"y":0,"curve":"stepped"},{"time":1.7,"x":0,"y":0}],"scale":[{"time":0,"x":1,"y":1,"curve":"stepped"},{"time":1.7,"x":1,"y":1}]},"BONE_NECK":{"rotate":[{"time":0,"angle":0},{"time":0.4,"angle":8.72},{"time":1.7,"angle":0}],"translate":[{"time":0,"x":0,"y":0},{"time":0.4,"x":13.65,"y":2.79},{"time":1.7,"x":0,"y":0}],"scale":[{"time":0,"x":1,"y":1,"curve":"stepped"},{"time":1.7,"x":1,"y":1}]},"BONE_HOUSE":{"rotate":[{"time":0,"angle":0,"curve":"stepped"},{"time":1.7,"angle":0}],"translate":[{"time":0,"x":0,"y":0,"curve":"stepped"},{"time":1.7,"x":0,"y":0}],"scale":[{"time":0,"x":1,"y":1,"curve":"stepped"},{"time":1.7,"x":1,"y":1}]},"BONE_FRONT_LEG":{"rotate":[{"time":0,"angle":-16.22},{"time":0.3333,"angle":-10.62},{"time":1.1,"angle":53.47},{"time":1.7,"angle":-16.22}],"translate":[{"time":0,"x":0,"y":0,"curve":"stepped"},{"time":1.7,"x":0,"y":0}],"scale":[{"time":0,"x":1,"y":1,"curve":"stepped"},{"time":1.7,"x":1,"y":1}]},"BONE_BACK_REAR_LEG":{"rotate":[{"time":0,"angle":-28.49},{"time":0.1667,"angle":-39.57},{"time":0.5333,"angle":-19.48},{"time":0.9333,"angle":-6.96},{"time":1.2667,"angle":47.6},{"time":1.7,"angle":-28.49}],"translate":[{"time":0,"x":0,"y":0,"curve":"stepped"},{"time":1.7,"x":0,"y":0}],"scale":[{"time":0,"x":1,"y":1,"curve":"stepped"},{"time":1.7,"x":1,"y":1}]},"BONE_BACK_FRONT_LEG":{"rotate":[{"time":0,"angle":55.07},{"time":0.1667,"angle":62.5},{"time":0.5333,"angle":36.3},{"time":1.1,"angle":-15.79},{"time":1.7,"angle":55.07}],"translate":[{"time":0,"x":0,"y":0,"curve":"stepped"},{"time":1.7,"x":0,"y":0}],"scale":[{"time":0,"x":1,"y":1,"curve":"stepped"},{"time":1.7,"x":1,"y":1}]},"BONE_SHELL":{"rotate":[{"time":0,"angle":-1.1},{"time":0.1667,"angle":0.86},{"time":0.8667,"angle":1.62},{"time":1.6,"angle":-0.42},{"time":1.7,"angle":-1.1}],"translate":[{"time":0,"x":0,"y":0,"curve":"stepped"},{"time":1.7,"x":0,"y":0}],"scale":[{"time":0,"x":1,"y":1,"curve":"stepped"},{"time":1.7,"x":1,"y":1}]},"BONE_HEAD":{"rotate":[{"time":0,"angle":0},{"time":0.3333,"angle":-11.28},{"time":0.5667,"angle":-13.21,"curve":[0.25,0,0.75,1]},{"time":1.7,"angle":0}],"translate":[{"time":0,"x":0,"y":0,"curve":"stepped"},{"time":1.7,"x":0,"y":0}],"scale":[{"time":0,"x":1,"y":1,"curve":"stepped"},{"time":1.7,"x":1,"y":1}]},"BONE_IRIS":{"rotate":[{"time":0,"angle":-0.17,"curve":"stepped"},{"time":1.7,"angle":-0.17}],"translate":[{"time":0,"x":0,"y":0,"curve":"stepped"},{"time":1.7,"x":0,"y":0}],"scale":[{"time":0,"x":1,"y":1,"curve":"stepped"},{"time":1.7,"x":1,"y":1}]},"BONE_BACK_FRONT_FOOT":{"rotate":[{"time":0,"angle":-60.97},{"time":0.1667,"angle":-74.34},{"time":0.8333,"angle":-2.66},{"time":1.7,"angle":-60.97}],"translate":[{"time":0,"x":0,"y":0,"curve":"stepped"},{"time":1.7,"x":0,"y":0}],"scale":[{"time":0,"x":1,"y":1,"curve":"stepped"},{"time":1.7,"x":1,"y":1}]},"BONE_BACK_REAR_FOOT":{"rotate":[{"time":0,"angle":23.41},{"time":0.1667,"angle":35.82},{"time":0.9,"angle":8.01},{"time":1.7,"angle":23.41}],"translate":[{"time":0,"x":0,"y":0,"curve":"stepped"},{"time":1.7,"x":0,"y":0}],"scale":[{"time":0,"x":1,"y":1,"curve":"stepped"},{"time":1.7,"x":1,"y":1}]},"BONE_REAR_FOOT":{"rotate":[{"time":0,"angle":-14.68},{"time":0.1667,"angle":10.12},{"time":0.9,"angle":32.04},{"time":1.7,"angle":-14.68}],"translate":[{"time":0,"x":0,"y":0,"curve":"stepped"},{"time":1.7,"x":0,"y":0}],"scale":[{"time":0,"x":1,"y":1,"curve":"stepped"},{"time":1.7,"x":1,"y":1}]},"BONE_FRONT_FOOT":{"rotate":[{"time":0,"angle":27.02},{"time":0.1667,"angle":-2.95},{"time":0.9,"angle":-58.03},{"time":1.7,"angle":27.02}],"translate":[{"time":0,"x":0,"y":0,"curve":"stepped"},{"time":1.7,"x":0,"y":0}],"scale":[{"time":0,"x":1,"y":1,"curve":"stepped"},{"time":1.7,"x":1,"y":1}]},"root":{"translate":[{"time":0,"x":0,"y":0,"curve":"stepped"},{"time":1.7,"x":0,"y":0}],"scale":[{"time":0,"x":1,"y":1,"curve":"stepped"},{"time":1.7,"x":1,"y":1}]},"BONE_DWARF":{"rotate":[{"time":0,"angle":1.4},{"time":0.2,"angle":-2.55},{"time":1.7,"angle":1.4}],"translate":[{"time":0,"x":0,"y":0,"curve":"stepped"},{"time":0.2,"x":0,"y":0,"curve":"stepped"},{"time":1.7,"x":0,"y":0}],"scale":[{"time":0,"x":1,"y":1,"curve":"stepped"},{"time":0.2,"x":1,"y":1,"curve":"stepped"},{"time":1.7,"x":1,"y":1}]}},"deform":{"default":{"Left_Front_Leg":{"Left_Front_Leg":[{"time":0,"vertices":[1.75003,-0.46777,0.6066,-0.53719,2.42572,-2.14839,0.60635,-0.53728,-2.28668,-0.13864,-1.74963,0.46783]},{"time":0.4667,"vertices":[2.90884,-9.11462,10.48296,5.03532,2.42572,-2.14839,-3.17249,-11.9705,-22.58244,-0.43109,-1.74963,0.46783]},{"time":0.6333,"vertices":[2.75225,-7.94613,9.14831,4.28228,2.42572,-2.14839,-12.31444,-18.11011,-47.97437,1.1358,-14.33514,9.61655]},{"time":0.8667,"vertices":[2.53301,-6.31024,13.991,5.95764,-3.72815,-8.17061,-13.83885,-17.99075,-73.95159,-2.04099,-4.06979,-0.27859]},{"time":1.1,"vertices":[2.31378,-4.67435,16.09191,3.38582,-2.00507,-6.48439,-12.46913,-23.41652,-92.48948,0.99704,15.94302,3.94203]},{"time":1.7,"vertices":[1.75003,-0.46777,0.6066,-0.53719,2.42572,-2.14839,0.60635,-0.53728,-2.28668,-0.13864,-1.74963,0.46783]}]},"Right_Frong_Leg":{"Right_Frong_Leg":[{"time":0,"offset":8,"vertices":[-9.55359,0.55609]},{"time":0.1667,"vertices":[2.30695,1.27887,-11.25684,14.86783,5.01218,0.77399,-3.18793,5.70819,-48.64859,-6.9509,19.11768,8.48737]},{"time":0.5667,"vertices":[1.70513,0.94525,-23.21933,27.68705,26.44356,14.86306,-10.46355,-4.94948,-35.9856,-1.39771,14.13046,6.27327]},{"time":1.0333,"vertices":[-2.90349,10.3551,-13.65843,16.2865,31.77531,17.1965,-5.53095,-13.73555,-25.10183,-0.5932,-32.69444,-9.53463]},{"time":1.4,"vertices":[-5.60184,16.43876,-8.43466,6.3173,18.36155,6.79897,-5.43533,2.54691,-16.5503,0.03891,-79.79887,-30.32757]},{"time":1.7,"offset":8,"vertices":[-9.55359,0.55609]}]},"neck":{"neck":[{"time":0,"offset":10,"vertices":[4.44247,3.46694]},{"time":0.4,"offset":8,"vertices":[5.41675,-21.52837,-16.50876,-2.85548,-6.90027,-6.80981]},{"time":0.8667,"offset":2,"vertices":[-25.16388,-1.35951,0,0,0,0,5.25377,-23.18122,-21.87461,-6.49875,-6.90027,-6.80981]},{"time":1.1667,"offset":2,"vertices":[-25.0128,-1.88353,0,0,0,0,5.21635,-23.5607,-16.97336,-1.02144,-6.90027,-6.80981]},{"time":1.3333,"offset":2,"vertices":[-24.92886,-2.17465,0,0,0,0,5.19556,-23.77152,-11.8783,5.16163,-6.90027,-6.80981]},{"time":1.7,"offset":10,"vertices":[4.44247,3.46694]}]},"ropes":{"ropes":[{"time":0},{"time":0.3667,"vertices":[-0.21207,-30.95721,10.4383,-67.9346,4.27744,-81.19836,-1.60161,-47.69102]},{"time":0.7333,"vertices":[12.11536,1.92275,-11.00109,3.68665,-4.22709,-15.06192,2.77895,-11.82262]},{"time":1.3333,"vertices":[5.12243,23.22626,-6.89457,80.11754,16.17318,65.86178,6.52692,13.06156]},{"time":1.7}]}}}},"walk_no_dwarf":{"slots":{"dwarf":{"color":[{"time":0,"color":"ffffff00"}]},"eyes_closed":{"color":[{"time":0,"color":"ffffff00","curve":"stepped"},{"time":1.7,"color":"ffffff00"}]},"head_base_eat":{"color":[{"time":0,"color":"ffffff00","curve":"stepped"},{"time":1.7,"color":"ffffff00"}]}},"bones":{"BONE_TAIL":{"rotate":[{"time":0,"angle":0},{"time":0.4,"angle":12.82},{"time":0.9667,"angle":-7.51},{"time":1.7,"angle":0}],"translate":[{"time":0,"x":0,"y":0,"curve":"stepped"},{"time":1.7,"x":0,"y":0}],"scale":[{"time":0,"x":1,"y":1,"curve":"stepped"},{"time":1.7,"x":1,"y":1}]},"BONE_REAR_LEG":{"rotate":[{"time":0,"angle":14.25},{"time":0.1667,"angle":27.08},{"time":1.4,"angle":-38.6},{"time":1.7,"angle":14.25}],"translate":[{"time":0,"x":0,"y":0,"curve":"stepped"},{"time":1.7,"x":0,"y":0}],"scale":[{"time":0,"x":1,"y":1,"curve":"stepped"},{"time":1.7,"x":1,"y":1}]},"BONE_NECK":{"rotate":[{"time":0,"angle":0},{"time":0.4,"angle":8.72},{"time":1.7,"angle":0}],"translate":[{"time":0,"x":0,"y":0},{"time":0.4,"x":13.65,"y":2.79},{"time":1.7,"x":0,"y":0}],"scale":[{"time":0,"x":1,"y":1,"curve":"stepped"},{"time":1.7,"x":1,"y":1}]},"BONE_HOUSE":{"rotate":[{"time":0,"angle":0,"curve":"stepped"},{"time":1.7,"angle":0}],"translate":[{"time":0,"x":0,"y":0,"curve":"stepped"},{"time":1.7,"x":0,"y":0}],"scale":[{"time":0,"x":1,"y":1,"curve":"stepped"},{"time":1.7,"x":1,"y":1}]},"BONE_FRONT_LEG":{"rotate":[{"time":0,"angle":-16.22},{"time":0.3333,"angle":-10.62},{"time":1.1,"angle":53.47},{"time":1.7,"angle":-16.22}],"translate":[{"time":0,"x":0,"y":0,"curve":"stepped"},{"time":1.7,"x":0,"y":0}],"scale":[{"time":0,"x":1,"y":1,"curve":"stepped"},{"time":1.7,"x":1,"y":1}]},"BONE_BACK_REAR_LEG":{"rotate":[{"time":0,"angle":-28.49},{"time":0.1667,"angle":-39.57},{"time":0.5333,"angle":-19.48},{"time":0.9333,"angle":-6.96},{"time":1.2667,"angle":47.6},{"time":1.7,"angle":-28.49}],"translate":[{"time":0,"x":0,"y":0,"curve":"stepped"},{"time":1.7,"x":0,"y":0}],"scale":[{"time":0,"x":1,"y":1,"curve":"stepped"},{"time":1.7,"x":1,"y":1}]},"BONE_BACK_FRONT_LEG":{"rotate":[{"time":0,"angle":55.07},{"time":0.1667,"angle":62.5},{"time":0.5333,"angle":36.3},{"time":1.1,"angle":-15.79},{"time":1.7,"angle":55.07}],"translate":[{"time":0,"x":0,"y":0,"curve":"stepped"},{"time":1.7,"x":0,"y":0}],"scale":[{"time":0,"x":1,"y":1,"curve":"stepped"},{"time":1.7,"x":1,"y":1}]},"BONE_SHELL":{"rotate":[{"time":0,"angle":-1.1},{"time":0.1667,"angle":0.86},{"time":0.8667,"angle":1.62},{"time":1.6,"angle":-0.42},{"time":1.7,"angle":-1.1}],"translate":[{"time":0,"x":0,"y":0,"curve":"stepped"},{"time":1.7,"x":0,"y":0}],"scale":[{"time":0,"x":1,"y":1,"curve":"stepped"},{"time":1.7,"x":1,"y":1}]},"BONE_HEAD":{"rotate":[{"time":0,"angle":0},{"time":0.3333,"angle":-11.28},{"time":0.5667,"angle":-13.21,"curve":[0.25,0,0.75,1]},{"time":1.7,"angle":0}],"translate":[{"time":0,"x":0,"y":0,"curve":"stepped"},{"time":1.7,"x":0,"y":0}],"scale":[{"time":0,"x":1,"y":1,"curve":"stepped"},{"time":1.7,"x":1,"y":1}]},"BONE_IRIS":{"rotate":[{"time":0,"angle":-0.17,"curve":"stepped"},{"time":1.7,"angle":-0.17}],"translate":[{"time":0,"x":0,"y":0,"curve":"stepped"},{"time":1.7,"x":0,"y":0}],"scale":[{"time":0,"x":1,"y":1,"curve":"stepped"},{"time":1.7,"x":1,"y":1}]},"BONE_BACK_FRONT_FOOT":{"rotate":[{"time":0,"angle":-60.97},{"time":0.1667,"angle":-74.34},{"time":0.8333,"angle":-2.66},{"time":1.7,"angle":-60.97}],"translate":[{"time":0,"x":0,"y":0,"curve":"stepped"},{"time":1.7,"x":0,"y":0}],"scale":[{"time":0,"x":1,"y":1,"curve":"stepped"},{"time":1.7,"x":1,"y":1}]},"BONE_BACK_REAR_FOOT":{"rotate":[{"time":0,"angle":23.41},{"time":0.1667,"angle":35.82},{"time":0.9,"angle":8.01},{"time":1.7,"angle":23.41}],"translate":[{"time":0,"x":0,"y":0,"curve":"stepped"},{"time":1.7,"x":0,"y":0}],"scale":[{"time":0,"x":1,"y":1,"curve":"stepped"},{"time":1.7,"x":1,"y":1}]},"BONE_REAR_FOOT":{"rotate":[{"time":0,"angle":-14.68},{"time":0.1667,"angle":10.12},{"time":0.9,"angle":32.04},{"time":1.7,"angle":-14.68}],"translate":[{"time":0,"x":0,"y":0,"curve":"stepped"},{"time":1.7,"x":0,"y":0}],"scale":[{"time":0,"x":1,"y":1,"curve":"stepped"},{"time":1.7,"x":1,"y":1}]},"BONE_FRONT_FOOT":{"rotate":[{"time":0,"angle":27.02},{"time":0.1667,"angle":-2.95},{"time":0.9,"angle":-58.03},{"time":1.7,"angle":27.02}],"translate":[{"time":0,"x":0,"y":0,"curve":"stepped"},{"time":1.7,"x":0,"y":0}],"scale":[{"time":0,"x":1,"y":1,"curve":"stepped"},{"time":1.7,"x":1,"y":1}]},"root":{"translate":[{"time":0,"x":0,"y":0,"curve":"stepped"},{"time":1.7,"x":0,"y":0}],"scale":[{"time":0,"x":1,"y":1,"curve":"stepped"},{"time":1.7,"x":1,"y":1}]},"BONE_DWARF":{"rotate":[{"time":0,"angle":1.4},{"time":0.2,"angle":-2.55},{"time":1.7,"angle":1.4}],"translate":[{"time":0,"x":0,"y":0,"curve":"stepped"},{"time":0.2,"x":0,"y":0,"curve":"stepped"},{"time":1.7,"x":0,"y":0}],"scale":[{"time":0,"x":1,"y":1,"curve":"stepped"},{"time":0.2,"x":1,"y":1,"curve":"stepped"},{"time":1.7,"x":1,"y":1}]}},"deform":{"default":{"Left_Front_Leg":{"Left_Front_Leg":[{"time":0,"vertices":[1.75003,-0.46777,0.6066,-0.53719,2.42572,-2.14839,0.60635,-0.53728,-2.28668,-0.13864,-1.74963,0.46783]},{"time":0.4667,"vertices":[2.90884,-9.11462,10.48296,5.03532,2.42572,-2.14839,-3.17249,-11.9705,-22.58244,-0.43109,-1.74963,0.46783]},{"time":0.6333,"vertices":[2.75225,-7.94613,9.14831,4.28228,2.42572,-2.14839,-12.31444,-18.11011,-47.97437,1.1358,-14.33514,9.61655]},{"time":0.8667,"vertices":[2.53301,-6.31024,13.991,5.95764,-3.72815,-8.17061,-13.83885,-17.99075,-73.95159,-2.04099,-4.06979,-0.27859]},{"time":1.1,"vertices":[2.31378,-4.67435,16.09191,3.38582,-2.00507,-6.48439,-12.46913,-23.41652,-92.48948,0.99704,15.94302,3.94203]},{"time":1.7,"vertices":[1.75003,-0.46777,0.6066,-0.53719,2.42572,-2.14839,0.60635,-0.53728,-2.28668,-0.13864,-1.74963,0.46783]}]},"Right_Frong_Leg":{"Right_Frong_Leg":[{"time":0,"offset":8,"vertices":[-9.55359,0.55609]},{"time":0.1667,"vertices":[2.30695,1.27887,-11.25684,14.86783,5.01218,0.77399,-3.18793,5.70819,-48.64859,-6.9509,19.11768,8.48737]},{"time":0.5667,"vertices":[1.70513,0.94525,-23.21933,27.68705,26.44356,14.86306,-10.46355,-4.94948,-35.9856,-1.39771,14.13046,6.27327]},{"time":1.0333,"vertices":[-2.90349,10.3551,-13.65843,16.2865,31.77531,17.1965,-5.53095,-13.73555,-25.10183,-0.5932,-32.69444,-9.53463]},{"time":1.4,"vertices":[-5.60184,16.43876,-8.43466,6.3173,18.36155,6.79897,-5.43533,2.54691,-16.5503,0.03891,-79.79887,-30.32757]},{"time":1.7,"offset":8,"vertices":[-9.55359,0.55609]}]},"neck":{"neck":[{"time":0,"offset":10,"vertices":[4.44247,3.46694]},{"time":0.4,"offset":8,"vertices":[5.41675,-21.52837,-16.50876,-2.85548,-6.90027,-6.80981]},{"time":0.8667,"offset":2,"vertices":[-25.16388,-1.35951,0,0,0,0,5.25377,-23.18122,-21.87461,-6.49875,-6.90027,-6.80981]},{"time":1.1667,"offset":2,"vertices":[-25.0128,-1.88353,0,0,0,0,5.21635,-23.5607,-16.97336,-1.02144,-6.90027,-6.80981]},{"time":1.3333,"offset":2,"vertices":[-24.92886,-2.17465,0,0,0,0,5.19556,-23.77152,-11.8783,5.16163,-6.90027,-6.80981]},{"time":1.7,"offset":10,"vertices":[4.44247,3.46694]}]},"ropes":{"ropes":[{"time":0},{"time":0.3667,"vertices":[-0.21207,-30.95721,10.4383,-67.9346,4.27744,-81.19836,-1.60161,-47.69102]},{"time":0.7333,"vertices":[12.11536,1.92275,-11.00109,3.68665,-4.22709,-15.06192,2.77895,-11.82262]},{"time":1.3333,"vertices":[5.12243,23.22626,-6.89457,80.11754,16.17318,65.86178,6.52692,13.06156]},{"time":1.7}]}}}}}}