{"skeleton":{"hash":"IVmar3FDAgoYdxEe862T4Y0smr4","spine":"3.5.46","width":832.18,"height":1198.64,"images":"./images/"},"bones":[{"name":"root"},{"name":"BONE_BODY","parent":"root","length":168.65,"rotation":88.68,"x":-36.95,"y":-120.61},{"name":"BONE_BACK_ARM","parent":"BONE_BODY","length":139.25,"rotation":130.27,"x":241.63,"y":182.78},{"name":"BONE_HEAD","parent":"BONE_BODY","length":213.74,"rotation":5.48,"x":240.65,"y":-11.91},{"name":"BONE_BACK_IRIS","parent":"BONE_HEAD","x":323.32,"y":214.28},{"name":"BONE_FRONT_ARM","parent":"BONE_BODY","length":134.45,"rotation":168.95,"x":281.14,"y":-277.7},{"name":"BONE_FRONT_IRIS","parent":"BONE_HEAD","x":282.55,"y":103.39},{"name":"BONE_LEFT_FOOT","parent":"BONE_BODY","length":101.59,"rotation":173.89,"x":-161.43,"y":81.36},{"name":"BONE_RIGHT_FOOT","parent":"BONE_BODY","length":101.99,"rotation":-165.44,"x":-158.84,"y":-158.09}],"slots":[{"name":"leg2","bone":"BONE_RIGHT_FOOT","attachment":"leg"},{"name":"leg","bone":"BONE_LEFT_FOOT","attachment":"leg"},{"name":"back_arm","bone":"BONE_BACK_ARM","attachment":"back_arm"},{"name":"body","bone":"BONE_BODY","attachment":"body"},{"name":"head","bone":"BONE_HEAD","attachment":"head"},{"name":"front_arm","bone":"BONE_FRONT_ARM","attachment":"front_arm"},{"name":"sad_mouth","bone":"BONE_HEAD","attachment":"sad_mouth"},{"name":"mouth_happy","bone":"BONE_HEAD","attachment":"mouth_happy"},{"name":"iris","bone":"BONE_FRONT_IRIS","attachment":"iris"},{"name":"iris2","bone":"BONE_BACK_IRIS","attachment":"iris"},{"name":"eyelid","bone":"BONE_HEAD","attachment":"eyelid"},{"name":"eyelid2","bone":"BONE_HEAD","attachment":"eyelid"},{"name":"sad_cry","bone":"BONE_HEAD","attachment":"sad_cry"}],"skins":{"default":{"back_arm":{"back_arm":{"x":93.55,"y":24.17,"rotation":141.04,"width":263,"height":241}},"body":{"body":{"x":98.17,"y":-66.71,"rotation":-88.68,"width":794,"height":814}},"eyelid":{"eyelid":{"x":287.3,"y":72.15,"rotation":-94.16,"width":148,"height":148}},"eyelid2":{"eyelid":{"x":338.23,"y":203.62,"scaleX":0.412,"scaleY":0.742,"rotation":-112.8,"width":148,"height":148}},"front_arm":{"front_arm":{"x":149.42,"y":28.33,"rotation":102.37,"width":178,"height":325}},"head":{"head":{"x":330.36,"y":-10.09,"rotation":-94.16,"width":733,"height":580}},"iris":{"iris":{"x":2.73,"y":-4.47,"rotation":-94.16,"width":64,"height":67}},"iris2":{"iris":{"x":0.89,"y":-1.46,"scaleX":0.538,"scaleY":0.869,"rotation":-106.66,"width":64,"height":67}},"leg":{"leg":{"x":78.55,"y":12.15,"rotation":97.43,"width":247,"height":162}},"leg2":{"leg":{"x":84.09,"y":5.76,"scaleX":-1,"rotation":83.6,"width":247,"height":162}},"mouth_happy":{"mouth_happy":{"x":120.67,"y":152.3,"rotation":-94.16,"width":180,"height":100}},"sad_cry":{"sad_cry":{"x":241.35,"y":137.37,"rotation":-94.16,"width":246,"height":205}},"sad_mouth":{"sad_mouth":{"x":109.43,"y":149.95,"rotation":-94.16,"width":183,"height":100}}}},"animations":{"idle_happy":{"slots":{"eyelid":{"color":[{"time":0,"color":"ffffff00","curve":"stepped"},{"time":2.2,"color":"ffffff00"},{"time":2.2667,"color":"ffffffff"},{"time":2.3333,"color":"ffffff00","curve":"stepped"},{"time":5.3333,"color":"ffffff00"}]},"eyelid2":{"color":[{"time":0,"color":"ffffff00","curve":"stepped"},{"time":2.2,"color":"ffffff00"},{"time":2.2667,"color":"ffffffff"},{"time":2.3333,"color":"ffffff00","curve":"stepped"},{"time":5.3333,"color":"ffffff00"}]},"mouth_happy":{"color":[{"time":0,"color":"ffffffff","curve":"stepped"},{"time":5.3333,"color":"ffffffff"}]},"sad_cry":{"color":[{"time":0,"color":"ffffff00"}]},"sad_mouth":{"color":[{"time":0,"color":"ffffff00"}]}},"bones":{"BONE_HEAD":{"rotate":[{"time":0,"angle":0},{"time":1.3333,"angle":-1.48},{"time":2.8333,"angle":0.38},{"time":4.0333,"angle":-1.31},{"time":5.3333,"angle":0}],"translate":[{"time":0,"x":0,"y":0,"curve":"stepped"},{"time":5.3333,"x":0,"y":0}],"scale":[{"time":0,"x":1,"y":1,"curve":"stepped"},{"time":5.3333,"x":1,"y":1}]},"root":{"rotate":[{"time":0,"angle":0,"curve":"stepped"},{"time":5.3333,"angle":0}],"translate":[{"time":0,"x":0,"y":0,"curve":"stepped"},{"time":5.3333,"x":0,"y":0}],"scale":[{"time":0,"x":1,"y":1,"curve":"stepped"},{"time":5.3333,"x":1,"y":1}]},"BONE_BODY":{"rotate":[{"time":0,"angle":0,"curve":"stepped"},{"time":5.3333,"angle":0}],"translate":[{"time":0,"x":0,"y":0},{"time":1.3333,"x":0,"y":12.62},{"time":2.6667,"x":0,"y":0},{"time":3.9667,"x":0,"y":12.62},{"time":5.3333,"x":0,"y":0}],"scale":[{"time":0,"x":1,"y":1,"curve":"stepped"},{"time":5.3333,"x":1,"y":1}]},"BONE_BACK_IRIS":{"rotate":[{"time":0,"angle":0,"curve":"stepped"},{"time":0.7333,"angle":0,"curve":"stepped"},{"time":5.3333,"angle":0}],"translate":[{"time":0,"x":0,"y":0,"curve":"stepped"},{"time":0.7333,"x":0,"y":0},{"time":1,"x":-5.96,"y":6.64,"curve":"stepped"},{"time":1.9,"x":-5.96,"y":6.64},{"time":2.2,"x":8.7,"y":-3.3,"curve":"stepped"},{"time":3.5,"x":8.7,"y":-3.3},{"time":3.8333,"x":-0.94,"y":4.06},{"time":5.3333,"x":0,"y":0}],"scale":[{"time":0,"x":1,"y":1,"curve":"stepped"},{"time":0.7333,"x":1,"y":1,"curve":"stepped"},{"time":5.3333,"x":1,"y":1}]},"BONE_FRONT_IRIS":{"rotate":[{"time":0,"angle":0,"curve":"stepped"},{"time":0.7333,"angle":0,"curve":"stepped"},{"time":5.3333,"angle":0}],"translate":[{"time":0,"x":0,"y":0,"curve":"stepped"},{"time":0.7333,"x":0,"y":0},{"time":1,"x":-5.96,"y":6.64,"curve":"stepped"},{"time":1.9,"x":-5.96,"y":6.64},{"time":2.2,"x":8.7,"y":-3.3,"curve":"stepped"},{"time":3.5,"x":8.7,"y":-3.3},{"time":3.8333,"x":-0.94,"y":4.06},{"time":5.3333,"x":0,"y":0}],"scale":[{"time":0,"x":1,"y":1,"curve":"stepped"},{"time":0.7333,"x":1,"y":1,"curve":"stepped"},{"time":5.3333,"x":1,"y":1}]},"BONE_BACK_ARM":{"rotate":[{"time":0,"angle":0},{"time":1.2333,"angle":4.9},{"time":1.9,"angle":1.92},{"time":3.1667,"angle":6.63},{"time":5.3333,"angle":0}],"translate":[{"time":0,"x":0,"y":0,"curve":"stepped"},{"time":5.3333,"x":0,"y":0}],"scale":[{"time":0,"x":1,"y":1,"curve":"stepped"},{"time":5.3333,"x":1,"y":1}]},"BONE_FRONT_ARM":{"rotate":[{"time":0,"angle":0},{"time":1.2333,"angle":3.68},{"time":1.9,"angle":-4.34},{"time":3.1667,"angle":2.6},{"time":5.3333,"angle":0}],"translate":[{"time":0,"x":0,"y":0,"curve":"stepped"},{"time":5.3333,"x":0,"y":0}],"scale":[{"time":0,"x":1,"y":1,"curve":"stepped"},{"time":5.3333,"x":1,"y":1}]},"BONE_LEFT_FOOT":{"rotate":[{"time":0,"angle":0,"curve":"stepped"},{"time":5.3333,"angle":0}],"translate":[{"time":0,"x":0,"y":0},{"time":1.3667,"x":-8.41,"y":-0.19},{"time":2.7,"x":0,"y":0},{"time":4,"x":-8.41,"y":-0.19},{"time":5.3333,"x":0,"y":0}],"scale":[{"time":0,"x":1,"y":1,"curve":"stepped"},{"time":5.3333,"x":1,"y":1}]},"BONE_RIGHT_FOOT":{"rotate":[{"time":0,"angle":0,"curve":"stepped"},{"time":5.3333,"angle":0}],"translate":[{"time":0,"x":0,"y":0},{"time":1.3667,"x":-6.31,"y":-0.14},{"time":2.7,"x":0,"y":0},{"time":4,"x":-6.31,"y":-0.14},{"time":5.3333,"x":0,"y":0}],"scale":[{"time":0,"x":1,"y":1,"curve":"stepped"},{"time":5.3333,"x":1,"y":1}]}}},"idle_sad":{"slots":{"eyelid":{"color":[{"time":0,"color":"ffffff00","curve":"stepped"},{"time":2.2,"color":"ffffff00"},{"time":2.2667,"color":"ffffffff"},{"time":2.3333,"color":"ffffff00","curve":"stepped"},{"time":5.3333,"color":"ffffff00"}]},"eyelid2":{"color":[{"time":0,"color":"ffffff00","curve":"stepped"},{"time":2.2,"color":"ffffff00"},{"time":2.2667,"color":"ffffffff"},{"time":2.3333,"color":"ffffff00","curve":"stepped"},{"time":5.3333,"color":"ffffff00"}]},"mouth_happy":{"color":[{"time":0,"color":"ffffff00","curve":"stepped"},{"time":5.3333,"color":"ffffff00"}]}},"bones":{"BONE_HEAD":{"rotate":[{"time":0,"angle":0},{"time":1.3333,"angle":-1.48},{"time":2.8333,"angle":0.38},{"time":4.0333,"angle":-1.31},{"time":5.3333,"angle":0}],"translate":[{"time":0,"x":0,"y":0,"curve":"stepped"},{"time":5.3333,"x":0,"y":0}],"scale":[{"time":0,"x":1,"y":1,"curve":"stepped"},{"time":5.3333,"x":1,"y":1}]},"root":{"rotate":[{"time":0,"angle":0,"curve":"stepped"},{"time":5.3333,"angle":0}],"translate":[{"time":0,"x":0,"y":0,"curve":"stepped"},{"time":5.3333,"x":0,"y":0}],"scale":[{"time":0,"x":1,"y":1,"curve":"stepped"},{"time":5.3333,"x":1,"y":1}]},"BONE_BODY":{"rotate":[{"time":0,"angle":0,"curve":"stepped"},{"time":5.3333,"angle":0}],"translate":[{"time":0,"x":0,"y":0},{"time":1.3333,"x":0,"y":12.62},{"time":2.6667,"x":0,"y":0},{"time":3.9667,"x":0,"y":12.62},{"time":5.3333,"x":0,"y":0}],"scale":[{"time":0,"x":1,"y":1,"curve":"stepped"},{"time":5.3333,"x":1,"y":1}]},"BONE_BACK_IRIS":{"rotate":[{"time":0,"angle":0,"curve":"stepped"},{"time":0.7333,"angle":0,"curve":"stepped"},{"time":5.3333,"angle":0}],"translate":[{"time":0,"x":0,"y":0,"curve":"stepped"},{"time":0.7333,"x":0,"y":0},{"time":1,"x":-5.96,"y":6.64,"curve":"stepped"},{"time":1.9,"x":-5.96,"y":6.64},{"time":2.2,"x":8.7,"y":-3.3,"curve":"stepped"},{"time":3.5,"x":8.7,"y":-3.3},{"time":3.8333,"x":-0.94,"y":4.06},{"time":5.3333,"x":0,"y":0}],"scale":[{"time":0,"x":1,"y":1,"curve":"stepped"},{"time":0.7333,"x":1,"y":1,"curve":"stepped"},{"time":5.3333,"x":1,"y":1}]},"BONE_FRONT_IRIS":{"rotate":[{"time":0,"angle":0,"curve":"stepped"},{"time":0.7333,"angle":0,"curve":"stepped"},{"time":5.3333,"angle":0}],"translate":[{"time":0,"x":0,"y":0,"curve":"stepped"},{"time":0.7333,"x":0,"y":0},{"time":1,"x":-5.96,"y":6.64,"curve":"stepped"},{"time":1.9,"x":-5.96,"y":6.64},{"time":2.2,"x":8.7,"y":-3.3,"curve":"stepped"},{"time":3.5,"x":8.7,"y":-3.3},{"time":3.8333,"x":-0.94,"y":4.06},{"time":5.3333,"x":0,"y":0}],"scale":[{"time":0,"x":1,"y":1,"curve":"stepped"},{"time":0.7333,"x":1,"y":1,"curve":"stepped"},{"time":5.3333,"x":1,"y":1}]},"BONE_BACK_ARM":{"rotate":[{"time":0,"angle":0},{"time":1.2333,"angle":4.9},{"time":1.9,"angle":1.92},{"time":3.1667,"angle":6.63},{"time":5.3333,"angle":0}],"translate":[{"time":0,"x":0,"y":0,"curve":"stepped"},{"time":5.3333,"x":0,"y":0}],"scale":[{"time":0,"x":1,"y":1,"curve":"stepped"},{"time":5.3333,"x":1,"y":1}]},"BONE_FRONT_ARM":{"rotate":[{"time":0,"angle":0},{"time":1.2333,"angle":3.68},{"time":1.9,"angle":-4.34},{"time":3.1667,"angle":2.6},{"time":5.3333,"angle":0}],"translate":[{"time":0,"x":0,"y":0,"curve":"stepped"},{"time":5.3333,"x":0,"y":0}],"scale":[{"time":0,"x":1,"y":1,"curve":"stepped"},{"time":5.3333,"x":1,"y":1}]},"BONE_LEFT_FOOT":{"rotate":[{"time":0,"angle":0,"curve":"stepped"},{"time":5.3333,"angle":0}],"translate":[{"time":0,"x":0,"y":0},{"time":1.3667,"x":-8.41,"y":-0.19},{"time":2.7,"x":0,"y":0},{"time":4,"x":-8.41,"y":-0.19},{"time":5.3333,"x":0,"y":0}],"scale":[{"time":0,"x":1,"y":1,"curve":"stepped"},{"time":5.3333,"x":1,"y":1}]},"BONE_RIGHT_FOOT":{"rotate":[{"time":0,"angle":0,"curve":"stepped"},{"time":5.3333,"angle":0}],"translate":[{"time":0,"x":0,"y":0},{"time":1.3667,"x":-6.31,"y":-0.14},{"time":2.7,"x":0,"y":0},{"time":4,"x":-6.31,"y":-0.14},{"time":5.3333,"x":0,"y":0}],"scale":[{"time":0,"x":1,"y":1,"curve":"stepped"},{"time":5.3333,"x":1,"y":1}]}}},"intro":{"slots":{"eyelid":{"color":[{"time":0,"color":"ffffff00","curve":"stepped"},{"time":2.7667,"color":"ffffff00"},{"time":2.8333,"color":"ffffffff"},{"time":2.9667,"color":"ffffff00"}]},"eyelid2":{"color":[{"time":0,"color":"ffffff00","curve":"stepped"},{"time":2.7667,"color":"ffffff00"},{"time":2.8333,"color":"ffffffff"},{"time":2.9667,"color":"ffffff00"}]},"mouth_happy":{"color":[{"time":0,"color":"ffffff00"}]},"sad_cry":{"color":[{"time":0,"color":"ffffffff"}]},"sad_mouth":{"color":[{"time":0,"color":"ffffffff"}]}},"bones":{"root":{"rotate":[{"time":0,"angle":0}],"translate":[{"time":0,"x":0,"y":0}],"scale":[{"time":0,"x":1,"y":1}]},"BONE_BODY":{"rotate":[{"time":0,"angle":0},{"time":0.1667,"angle":-1.28},{"time":0.2333,"angle":-3.24},{"time":0.4,"angle":1.03},{"time":0.6333,"angle":-2.81},{"time":0.8,"angle":2.06},{"time":0.9667,"angle":-0.41},{"time":1.1333,"angle":2.39},{"time":1.3,"angle":-1.83},{"time":1.4333,"angle":1.38},{"time":1.6,"angle":-1.3},{"time":1.9667,"angle":0,"curve":"stepped"},{"time":5,"angle":0}],"translate":[{"time":0,"x":0,"y":0},{"time":0.2333,"x":0,"y":107.25,"curve":[0.25,0,0.122,0.94]},{"time":0.4333,"x":0,"y":0,"curve":[0.25,0,0,1]},{"time":0.6333,"x":0,"y":107.25,"curve":[0.25,0,0,1]},{"time":0.8,"x":0,"y":0,"curve":[0.25,0,0.146,1]},{"time":0.9667,"x":0,"y":107.25,"curve":[0.25,0,0.206,1]},{"time":1.1333,"x":0,"y":0,"curve":[0.25,0,0.13,1]},{"time":1.3,"x":0,"y":107.25,"curve":[0.25,0,0.042,1]},{"time":1.4333,"x":0,"y":0,"curve":"stepped"},{"time":5,"x":0,"y":0}],"scale":[{"time":0,"x":1,"y":1}]},"BONE_HEAD":{"rotate":[{"time":0,"angle":0},{"time":0.2333,"angle":-2.27},{"time":0.4,"angle":1.28},{"time":0.5667,"angle":-4.45},{"time":0.7,"angle":-1.01},{"time":0.8667,"angle":-2.13},{"time":0.9667,"angle":-3.8},{"time":1.1,"angle":-0.58},{"time":1.2667,"angle":-4.71},{"time":1.4333,"angle":-0.15},{"time":1.5667,"angle":-3.45},{"time":1.7667,"angle":-1.94},{"time":2.2333,"angle":0},{"time":2.8667,"angle":-2.81},{"time":3.4333,"angle":1.25},{"time":5,"angle":0}],"translate":[{"time":0,"x":0,"y":0}],"scale":[{"time":0,"x":1,"y":1}]},"BONE_BACK_IRIS":{"rotate":[{"time":0,"angle":0,"curve":"stepped"},{"time":2.4333,"angle":0,"curve":"stepped"},{"time":3.6667,"angle":0}],"translate":[{"time":0,"x":0,"y":0,"curve":"stepped"},{"time":2.4333,"x":0,"y":0},{"time":2.5333,"x":-3.82,"y":6.55,"curve":"stepped"},{"time":3.4333,"x":-3.82,"y":6.55},{"time":3.6667,"x":0,"y":0}],"scale":[{"time":0,"x":1,"y":1,"curve":"stepped"},{"time":2.4333,"x":1,"y":1,"curve":"stepped"},{"time":3.6667,"x":1,"y":1}]},"BONE_FRONT_IRIS":{"rotate":[{"time":0,"angle":0,"curve":"stepped"},{"time":2.4333,"angle":0,"curve":"stepped"},{"time":3.6667,"angle":0}],"translate":[{"time":0,"x":0,"y":0,"curve":"stepped"},{"time":2.4333,"x":0,"y":0},{"time":2.5333,"x":-3.82,"y":6.55,"curve":"stepped"},{"time":3.4333,"x":-3.82,"y":6.55},{"time":3.6667,"x":0,"y":0}],"scale":[{"time":0,"x":1,"y":1,"curve":"stepped"},{"time":2.4333,"x":1,"y":1,"curve":"stepped"},{"time":3.6667,"x":1,"y":1}]},"BONE_BACK_ARM":{"rotate":[{"time":0,"angle":0},{"time":0.2333,"angle":-77.43},{"time":0.4333,"angle":-24.49},{"time":0.6333,"angle":-78.97},{"time":0.8,"angle":-27.43},{"time":0.9333,"angle":-87.99},{"time":1.1333,"angle":-6.13},{"time":1.2333,"angle":-93.49},{"time":1.5,"angle":-21.77},{"time":1.7,"angle":-82.96},{"time":1.9,"angle":-59.68},{"time":2,"angle":-86.04},{"time":2.1,"angle":-54.69},{"time":2.2333,"angle":-88.32},{"time":2.3333,"angle":-35.66},{"time":2.4333,"angle":-90.71},{"time":2.5667,"angle":-44.68},{"time":2.6667,"angle":-88.32},{"time":2.7667,"angle":-35.66},{"time":2.8667,"angle":-90.71},{"time":3,"angle":-44.68},{"time":3.1333,"angle":-88.32},{"time":3.2333,"angle":-35.66},{"time":3.3333,"angle":-90.71},{"time":3.4667,"angle":-44.68},{"time":5,"angle":0}],"translate":[{"time":0,"x":0,"y":0,"curve":"stepped"},{"time":5,"x":0,"y":0}],"scale":[{"time":0,"x":1,"y":1,"curve":"stepped"},{"time":5,"x":1,"y":1}]},"BONE_FRONT_ARM":{"rotate":[{"time":0,"angle":0},{"time":0.2333,"angle":-58.9},{"time":0.4333,"angle":-41.65},{"time":0.6333,"angle":-80.85},{"time":0.8,"angle":-42.28},{"time":0.9333,"angle":-100.1},{"time":1.1333,"angle":-65.96},{"time":1.3333,"angle":-104.93},{"time":1.5,"angle":-52.28},{"time":1.7,"angle":-96.86},{"time":1.9,"angle":-42.64},{"time":2.3,"angle":-24.94},{"time":2.6333,"angle":-31.32},{"time":3.1,"angle":-22.99},{"time":5,"angle":0}],"translate":[{"time":0,"x":0,"y":0,"curve":"stepped"},{"time":5,"x":0,"y":0}],"scale":[{"time":0,"x":1,"y":1,"curve":"stepped"},{"time":5,"x":1,"y":1}]},"BONE_LEFT_FOOT":{"rotate":[{"time":0,"angle":0},{"time":0.2,"angle":-344.32},{"time":0.3667,"angle":-16.46},{"time":0.6,"angle":-344.32},{"time":0.7667,"angle":-16.46},{"time":0.9667,"angle":-344.32},{"time":1.1333,"angle":-16.46},{"time":1.3,"angle":-344.32},{"time":1.4667,"angle":-16.46},{"time":1.8667,"angle":0}],"translate":[{"time":0,"x":0,"y":0},{"time":0.2,"x":-44.08,"y":-2.76},{"time":0.3667,"x":-20.4,"y":-29.63},{"time":0.6,"x":-44.08,"y":-2.76},{"time":0.7667,"x":-20.4,"y":-29.63},{"time":0.9667,"x":-44.08,"y":-2.76},{"time":1.1333,"x":-20.4,"y":-29.63},{"time":1.3,"x":-44.08,"y":-2.76},{"time":1.4667,"x":-20.4,"y":-29.63},{"time":1.8667,"x":0,"y":0}],"scale":[{"time":0,"x":1,"y":1,"curve":"stepped"},{"time":1.8667,"x":1,"y":1}]},"BONE_RIGHT_FOOT":{"rotate":[{"time":0,"angle":0},{"time":0.2,"angle":8.65},{"time":0.3667,"angle":1.07},{"time":0.6,"angle":8.65},{"time":0.7667,"angle":1.07},{"time":0.9667,"angle":8.65},{"time":1.1333,"angle":1.07},{"time":1.3,"angle":8.65},{"time":1.4667,"angle":1.07},{"time":1.8333,"angle":0}],"translate":[{"time":0,"x":0,"y":0},{"time":0.2,"x":-33.19,"y":-8.4},{"time":0.3667,"x":-10.4,"y":8.88},{"time":0.6,"x":-33.19,"y":-8.4},{"time":0.7667,"x":-10.4,"y":8.88},{"time":0.9667,"x":-33.19,"y":-8.4},{"time":1.1333,"x":-10.4,"y":8.88},{"time":1.3,"x":-33.19,"y":-8.4},{"time":1.4667,"x":-10.4,"y":8.88},{"time":1.8333,"x":0,"y":0}],"scale":[{"time":0,"x":1,"y":1,"curve":"stepped"},{"time":1.8333,"x":1,"y":1}]}}},"victory":{"slots":{"eyelid":{"color":[{"time":0,"color":"ffffff00","curve":"stepped"},{"time":2.7667,"color":"ffffff00"},{"time":2.8333,"color":"ffffffff"},{"time":2.9667,"color":"ffffff00"}]},"eyelid2":{"color":[{"time":0,"color":"ffffff00","curve":"stepped"},{"time":2.7667,"color":"ffffff00"},{"time":2.8333,"color":"ffffffff"},{"time":2.9667,"color":"ffffff00"}]},"mouth_happy":{"color":[{"time":0,"color":"ffffffff"}]},"sad_cry":{"color":[{"time":0,"color":"ffffff00"}]},"sad_mouth":{"color":[{"time":0,"color":"ffffff00"}]}},"bones":{"root":{"rotate":[{"time":0,"angle":0}],"translate":[{"time":0,"x":0,"y":0}],"scale":[{"time":0,"x":1,"y":1}]},"BONE_BODY":{"rotate":[{"time":0,"angle":0},{"time":0.1667,"angle":-1.28},{"time":0.2333,"angle":-3.24},{"time":0.4,"angle":1.03},{"time":0.6333,"angle":-2.81},{"time":0.8,"angle":2.06},{"time":0.9667,"angle":-0.41},{"time":1.1333,"angle":2.39},{"time":1.3,"angle":-1.83},{"time":1.4333,"angle":1.38},{"time":1.6,"angle":-1.3},{"time":1.9667,"angle":0,"curve":"stepped"},{"time":5,"angle":0}],"translate":[{"time":0,"x":0,"y":0},{"time":0.2333,"x":0,"y":107.25,"curve":[0.25,0,0.122,0.94]},{"time":0.4333,"x":0,"y":0,"curve":[0.25,0,0,1]},{"time":0.6333,"x":0,"y":107.25,"curve":[0.25,0,0,1]},{"time":0.8,"x":0,"y":0,"curve":[0.25,0,0.146,1]},{"time":0.9667,"x":0,"y":107.25,"curve":[0.25,0,0.206,1]},{"time":1.1333,"x":0,"y":0,"curve":[0.25,0,0.13,1]},{"time":1.3,"x":0,"y":107.25,"curve":[0.25,0,0.042,1]},{"time":1.4333,"x":0,"y":0,"curve":"stepped"},{"time":5,"x":0,"y":0}],"scale":[{"time":0,"x":1,"y":1}]},"BONE_HEAD":{"rotate":[{"time":0,"angle":0},{"time":0.2333,"angle":-2.27},{"time":0.4,"angle":1.28},{"time":0.5667,"angle":-4.45},{"time":0.7,"angle":-1.01},{"time":0.8667,"angle":-2.13},{"time":0.9667,"angle":-3.8},{"time":1.1,"angle":-0.58},{"time":1.2667,"angle":-4.71},{"time":1.4333,"angle":-0.15},{"time":1.5667,"angle":-3.45},{"time":1.7667,"angle":-1.94},{"time":2.2333,"angle":0},{"time":2.8667,"angle":-2.81},{"time":3.4333,"angle":1.25},{"time":5,"angle":0}],"translate":[{"time":0,"x":0,"y":0}],"scale":[{"time":0,"x":1,"y":1}]},"BONE_BACK_IRIS":{"rotate":[{"time":0,"angle":0,"curve":"stepped"},{"time":2.4333,"angle":0,"curve":"stepped"},{"time":3.6667,"angle":0}],"translate":[{"time":0,"x":0,"y":0,"curve":"stepped"},{"time":2.4333,"x":0,"y":0},{"time":2.5333,"x":-3.82,"y":6.55,"curve":"stepped"},{"time":3.4333,"x":-3.82,"y":6.55},{"time":3.6667,"x":0,"y":0}],"scale":[{"time":0,"x":1,"y":1,"curve":"stepped"},{"time":2.4333,"x":1,"y":1,"curve":"stepped"},{"time":3.6667,"x":1,"y":1}]},"BONE_FRONT_IRIS":{"rotate":[{"time":0,"angle":0,"curve":"stepped"},{"time":2.4333,"angle":0,"curve":"stepped"},{"time":3.6667,"angle":0}],"translate":[{"time":0,"x":0,"y":0,"curve":"stepped"},{"time":2.4333,"x":0,"y":0},{"time":2.5333,"x":-3.82,"y":6.55,"curve":"stepped"},{"time":3.4333,"x":-3.82,"y":6.55},{"time":3.6667,"x":0,"y":0}],"scale":[{"time":0,"x":1,"y":1,"curve":"stepped"},{"time":2.4333,"x":1,"y":1,"curve":"stepped"},{"time":3.6667,"x":1,"y":1}]},"BONE_BACK_ARM":{"rotate":[{"time":0,"angle":0},{"time":0.2333,"angle":-77.43},{"time":0.4333,"angle":-24.49},{"time":0.6333,"angle":-78.97},{"time":0.8,"angle":-27.43},{"time":0.9333,"angle":-87.99},{"time":1.1333,"angle":-6.13},{"time":1.2333,"angle":-93.49},{"time":1.5,"angle":-21.77},{"time":1.7,"angle":-82.96},{"time":1.9,"angle":-59.68},{"time":2,"angle":-86.04},{"time":2.1,"angle":-54.69},{"time":2.2333,"angle":-88.32},{"time":2.3333,"angle":-35.66},{"time":2.4333,"angle":-90.71},{"time":2.5667,"angle":-44.68},{"time":2.6667,"angle":-88.32},{"time":2.7667,"angle":-35.66},{"time":2.8667,"angle":-90.71},{"time":3,"angle":-44.68},{"time":3.1333,"angle":-88.32},{"time":3.2333,"angle":-35.66},{"time":3.3333,"angle":-90.71},{"time":3.4667,"angle":-44.68},{"time":5,"angle":0}],"translate":[{"time":0,"x":0,"y":0,"curve":"stepped"},{"time":5,"x":0,"y":0}],"scale":[{"time":0,"x":1,"y":1,"curve":"stepped"},{"time":5,"x":1,"y":1}]},"BONE_FRONT_ARM":{"rotate":[{"time":0,"angle":0},{"time":0.2333,"angle":-58.9},{"time":0.4333,"angle":-41.65},{"time":0.6333,"angle":-80.85},{"time":0.8,"angle":-42.28},{"time":0.9333,"angle":-100.1},{"time":1.1333,"angle":-65.96},{"time":1.3333,"angle":-104.93},{"time":1.5,"angle":-52.28},{"time":1.7,"angle":-96.86},{"time":1.9,"angle":-42.64},{"time":2.0667,"angle":-100.75},{"time":2.3,"angle":-24.94},{"time":2.4667,"angle":-109.61},{"time":2.6333,"angle":-31.32},{"time":2.8,"angle":-83.25},{"time":3,"angle":-83.87},{"time":3.1,"angle":-107.22},{"time":3.3,"angle":-103.02},{"time":5,"angle":0}],"translate":[{"time":0,"x":0,"y":0,"curve":"stepped"},{"time":5,"x":0,"y":0}],"scale":[{"time":0,"x":1,"y":1,"curve":"stepped"},{"time":5,"x":1,"y":1}]},"BONE_LEFT_FOOT":{"rotate":[{"time":0,"angle":0},{"time":0.2,"angle":-344.32},{"time":0.3667,"angle":-16.46},{"time":0.6,"angle":-344.32},{"time":0.7667,"angle":-16.46},{"time":0.9667,"angle":-344.32},{"time":1.1333,"angle":-16.46},{"time":1.3,"angle":-344.32},{"time":1.4667,"angle":-16.46},{"time":1.8667,"angle":0}],"translate":[{"time":0,"x":0,"y":0},{"time":0.2,"x":-44.08,"y":-2.76},{"time":0.3667,"x":-20.4,"y":-29.63},{"time":0.6,"x":-44.08,"y":-2.76},{"time":0.7667,"x":-20.4,"y":-29.63},{"time":0.9667,"x":-44.08,"y":-2.76},{"time":1.1333,"x":-20.4,"y":-29.63},{"time":1.3,"x":-44.08,"y":-2.76},{"time":1.4667,"x":-20.4,"y":-29.63},{"time":1.8667,"x":0,"y":0}],"scale":[{"time":0,"x":1,"y":1,"curve":"stepped"},{"time":1.8667,"x":1,"y":1}]},"BONE_RIGHT_FOOT":{"rotate":[{"time":0,"angle":0},{"time":0.2,"angle":8.65},{"time":0.3667,"angle":1.07},{"time":0.6,"angle":8.65},{"time":0.7667,"angle":1.07},{"time":0.9667,"angle":8.65},{"time":1.1333,"angle":1.07},{"time":1.3,"angle":8.65},{"time":1.4667,"angle":1.07},{"time":1.8333,"angle":0}],"translate":[{"time":0,"x":0,"y":0},{"time":0.2,"x":-33.19,"y":-8.4},{"time":0.3667,"x":-10.4,"y":8.88},{"time":0.6,"x":-33.19,"y":-8.4},{"time":0.7667,"x":-10.4,"y":8.88},{"time":0.9667,"x":-33.19,"y":-8.4},{"time":1.1333,"x":-10.4,"y":8.88},{"time":1.3,"x":-33.19,"y":-8.4},{"time":1.4667,"x":-10.4,"y":8.88},{"time":1.8333,"x":0,"y":0}],"scale":[{"time":0,"x":1,"y":1,"curve":"stepped"},{"time":1.8333,"x":1,"y":1}]}}}}}